473.0,617.0,-22.0,-21.0,-9.0,1.0,1.0
469.0,613.0,-13.0,-12.0,-8.0,0.0,1.0
465.0,609.0,-5.0,-4.0,-7.0,0.0,1.0
461.0,605.0,2.0,3.0,-6.0,0.0,1.0
457.0,601.0,8.0,9.0,-5.0,0.0,1.0
453.0,597.0,13.0,14.0,-4.0,0.0,1.0
449.0,593.0,17.0,18.0,-3.0,0.0,1.0
445.0,589.0,20.0,21.0,-2.0,0.0,1.0
441.0,585.0,22.0,23.0,-1.0,0.0,1.0
437.0,581.0,23.0,24.0,0.0,0.0,1.0
433.0,577.0,23.0,24.0,1.0,0.0,1.0
429.0,573.0,22.0,23.0,2.0,0.0,1.0
425.0,569.0,20.0,21.0,3.0,0.0,1.0
421.0,565.0,17.0,18.0,4.0,0.0,1.0
417.0,561.0,13.0,14.0,5.0,0.0,1.0
413.0,557.0,8.0,9.0,6.0,0.0,1.0
409.0,553.0,2.0,3.0,7.0,0.0,1.0
405.0,549.0,-5.0,-4.0,8.0,0.0,1.0
401.0,545.0,-13.0,-12.0,9.0,0.0,1.0
397.0,541.0,-22.0,-21.0,10.0,0.0,1.0
393.0,537.0,-32.0,-31.0,10.0,0.0,1.0
389.0,533.0,-23.0,-22.0,-9.0,1.0,1.0
385.0,529.0,-14.0,-13.0,-8.0,0.0,1.0
381.0,525.0,-6.0,-5.0,-7.0,0.0,1.0
377.0,521.0,1.0,2.0,-6.0,0.0,1.0
373.0,517.0,7.0,8.0,-5.0,0.0,1.0
369.0,513.0,12.0,13.0,-4.0,0.0,1.0
365.0,509.0,16.0,17.0,-3.0,0.0,1.0
361.0,505.0,19.0,20.0,-2.0,0.0,1.0
357.0,501.0,21.0,22.0,-1.0,0.0,1.0
353.0,497.0,22.0,23.0,0.0,0.0,1.0
349.0,493.0,22.0,23.0,1.0,0.0,1.0
345.0,489.0,21.0,22.0,2.0,0.0,1.0
341.0,485.0,19.0,20.0,3.0,0.0,1.0
337.0,481.0,16.0,17.0,4.0,0.0,1.0
333.0,477.0,12.0,13.0,5.0,0.0,1.0
329.0,473.0,7.0,8.0,6.0,0.0,1.0
325.0,469.0,1.0,2.0,7.0,0.0,1.0
321.0,465.0,-6.0,-5.0,8.0,0.0,1.0
317.0,461.0,-14.0,-13.0,9.0,0.0,1.0
313.0,457.0,-23.0,-22.0,10.0,0.0,1.0
309.0,453.0,-33.0,-32.0,10.0,0.0,1.0
305.0,449.0,-24.0,-23.0,-9.0,1.0,1.0
301.0,445.0,-15.0,-14.0,-8.0,0.0,1.0
297.0,441.0,-7.0,-6.0,-7.0,0.0,1.0
293.0,437.0,0.0,1.0,-6.0,0.0,1.0
289.0,433.0,6.0,7.0,-5.0,0.0,1.0
285.0,429.0,11.0,12.0,-4.0,0.0,1.0
281.0,425.0,15.0,16.0,-3.0,0.0,1.0
277.0,421.0,18.0,19.0,-2.0,0.0,1.0
273.0,417.0,20.0,21.0,-1.0,0.0,1.0
269.0,413.0,21.0,22.0,0.0,0.0,1.0
265.0,409.0,21.0,22.0,1.0,0.0,1.0
261.0,405.0,20.0,21.0,2.0,0.0,1.0
257.0,401.0,18.0,19.0,3.0,0.0,1.0
253.0,397.0,15.0,16.0,4.0,0.0,1.0
249.0,393.0,11.0,12.0,5.0,0.0,1.0
245.0,389.0,6.0,7.0,6.0,0.0,1.0
241.0,385.0,0.0,1.0,7.0,0.0,1.0
237.0,381.0,-7.0,-6.0,8.0,0.0,1.0
233.0,377.0,-15.0,-14.0,9.0,0.0,1.0
229.0,373.0,-24.0,-23.0,10.0,0.0,1.0
225.0,369.0,-34.0,-33.0,10.0,0.0,1.0
221.0,365.0,-25.0,-24.0,-9.0,1.0,1.0
217.0,361.0,-16.0,-15.0,-8.0,0.0,1.0
213.0,357.0,-8.0,-7.0,-7.0,0.0,1.0
209.0,353.0,-1.0,0.0,-6.0,0.0,1.0
205.0,349.0,5.0,6.0,-5.0,0.0,1.0
201.0,345.0,10.0,11.0,-4.0,0.0,1.0
197.0,341.0,14.0,15.0,-3.0,0.0,1.0
193.0,337.0,17.0,18.0,-2.0,0.0,1.0
189.0,333.0,19.0,20.0,-1.0,0.0,1.0
185.0,329.0,20.0,21.0,0.0,0.0,1.0
181.0,325.0,20.0,21.0,1.0,0.0,1.0
177.0,321.0,19.0,20.0,2.0,0.0,1.0
173.0,317.0,17.0,18.0,3.0,0.0,1.0
169.0,313.0,14.0,15.0,4.0,0.0,1.0
165.0,309.0,10.0,11.0,5.0,0.0,1.0
161.0,305.0,5.0,6.0,6.0,0.0,1.0
157.0,301.0,-1.0,0.0,7.0,0.0,1.0
153.0,297.0,-8.0,-7.0,8.0,0.0,1.0
149.0,293.0,-16.0,-15.0,9.0,0.0,1.0
145.0,289.0,-25.0,-24.0,10.0,0.0,1.0
141.0,285.0,-35.0,-34.0,10.0,0.0,1.0
137.0,281.0,-26.0,-25.0,-9.0,1.0,1.0
133.0,277.0,-17.0,-16.0,-9.0,1.0,1.0
129.0,273.0,-8.0,-7.0,-8.0,0.0,1.0
125.0,269.0,0.0,1.0,-7.0,0.0,1.0
121.0,265.0,7.0,8.0,-6.0,0.0,1.0
117.0,261.0,13.0,14.0,-5.0,0.0,1.0
113.0,257.0,18.0,19.0,-4.0,0.0,1.0
109.0,253.0,22.0,23.0,-3.0,0.0,1.0
105.0,249.0,25.0,26.0,-2.0,0.0,1.0
101.0,245.0,27.0,28.0,-1.0,0.0,1.0
97.0,241.0,28.0,29.0,0.0,0.0,1.0
93.0,237.0,28.0,29.0,1.0,0.0,1.0
89.0,233.0,27.0,28.0,2.0,0.0,1.0
85.0,229.0,25.0,26.0,3.0,0.0,1.0
81.0,225.0,22.0,23.0,4.0,0.0,1.0
77.0,221.0,18.0,19.0,5.0,0.0,1.0
73.0,217.0,13.0,14.0,6.0,0.0,1.0
69.0,213.0,7.0,8.0,7.0,0.0,1.0
65.0,209.0,0.0,1.0,8.0,0.0,1.0
61.0,205.0,-8.0,-7.0,9.0,0.0,1.0
57.0,201.0,-17.0,-16.0,10.0,0.0,1.0
53.0,197.0,-27.0,-26.0,10.0,0.0,1.0
49.0,193.0,-18.0,-17.0,-9.0,1.0,1.0
45.0,189.0,-9.0,-8.0,-8.0,0.0,1.0
41.0,185.0,-1.0,0.0,-7.0,0.0,1.0
37.0,181.0,6.0,7.0,-6.0,0.0,1.0
33.0,177.0,12.0,13.0,-5.0,0.0,1.0
29.0,173.0,17.0,18.0,-4.0,0.0,1.0
25.0,169.0,21.0,22.0,-3.0,0.0,1.0
21.0,165.0,24.0,25.0,-2.0,0.0,1.0
17.0,161.0,26.0,27.0,-1.0,0.0,1.0
13.0,157.0,27.0,28.0,0.0,0.0,1.0
9.0,153.0,27.0,28.0,1.0,0.0,1.0
5.0,149.0,26.0,27.0,2.0,0.0,1.0
1.0,145.0,24.0,25.0,3.0,0.0,1.0
141.0,0.0,22.0,0.0,4.0,0.0,1.0
137.0,287.0,18.0,10.0,5.0,0.0,1.0
133.0,283.0,13.0,5.0,6.0,0.0,1.0
129.0,279.0,7.0,-1.0,7.0,0.0,1.0
125.0,275.0,0.0,-8.0,8.0,0.0,1.0
121.0,271.0,-8.0,-16.0,9.0,0.0,1.0
117.0,267.0,-17.0,-25.0,10.0,0.0,1.0
113.0,263.0,-27.0,-35.0,10.0,0.0,1.0
109.0,259.0,-18.0,-26.0,-9.0,1.0,1.0
105.0,255.0,-9.0,-17.0,-8.0,0.0,1.0
101.0,251.0,-1.0,-9.0,-7.0,0.0,1.0
97.0,247.0,6.0,-2.0,-6.0,0.0,1.0
93.0,243.0,12.0,4.0,-5.0,0.0,1.0
89.0,239.0,17.0,9.0,-4.0,0.0,1.0
85.0,235.0,21.0,13.0,-3.0,0.0,1.0
81.0,231.0,24.0,16.0,-2.0,0.0,1.0
77.0,227.0,26.0,18.0,-1.0,0.0,1.0
73.0,223.0,27.0,19.0,0.0,0.0,1.0
69.0,219.0,27.0,19.0,1.0,0.0,1.0
65.0,215.0,26.0,18.0,2.0,0.0,1.0
61.0,211.0,24.0,16.0,3.0,0.0,1.0
57.0,207.0,21.0,13.0,4.0,0.0,1.0
53.0,203.0,17.0,9.0,5.0,0.0,1.0
49.0,199.0,12.0,4.0,6.0,0.0,1.0
45.0,195.0,6.0,-2.0,7.0,0.0,1.0
41.0,191.0,-1.0,-9.0,8.0,0.0,1.0
37.0,187.0,-9.0,-17.0,9.0,0.0,1.0
33.0,183.0,-18.0,-26.0,10.0,0.0,1.0
29.0,179.0,-28.0,-36.0,10.0,0.0,1.0
25.0,175.0,-19.0,-27.0,-9.0,1.0,1.0
21.0,171.0,-10.0,-18.0,-8.0,0.0,1.0
17.0,167.0,-2.0,-10.0,-7.0,0.0,1.0
13.0,163.0,5.0,-3.0,-6.0,0.0,1.0
9.0,159.0,11.0,3.0,-5.0,0.0,1.0
5.0,155.0,16.0,8.0,-4.0,0.0,1.0
1.0,151.0,20.0,12.0,-3.0,0.0,1.0
147.0,0.0,15.0,0.0,-2.0,0.0,1.0
143.0,287.0,17.0,-31.0,-1.0,0.0,1.0
139.0,283.0,18.0,-30.0,0.0,0.0,1.0
135.0,279.0,18.0,-30.0,1.0,0.0,1.0
131.0,275.0,17.0,-31.0,2.0,0.0,1.0
127.0,271.0,15.0,-33.0,3.0,0.0,1.0
123.0,267.0,12.0,-36.0,4.0,0.0,1.0
119.0,263.0,8.0,-40.0,5.0,0.0,1.0
115.0,259.0,3.0,-45.0,6.0,0.0,1.0
111.0,255.0,-3.0,-51.0,7.0,0.0,1.0
107.0,251.0,-10.0,-58.0,8.0,0.0,1.0
103.0,247.0,-18.0,-66.0,9.0,0.0,1.0
99.0,243.0,-27.0,-75.0,10.0,0.0,1.0
95.0,239.0,-18.0,-66.0,-9.0,1.0,1.0
91.0,235.0,-9.0,-57.0,-8.0,0.0,1.0
87.0,231.0,-1.0,-49.0,-7.0,0.0,1.0
83.0,227.0,6.0,-42.0,-6.0,0.0,1.0
79.0,223.0,12.0,-36.0,-5.0,0.0,1.0
75.0,219.0,17.0,-31.0,-4.0,0.0,1.0
71.0,215.0,21.0,-27.0,-3.0,0.0,1.0
67.0,211.0,24.0,-24.0,-2.0,0.0,1.0
63.0,207.0,26.0,-22.0,-1.0,0.0,1.0
59.0,203.0,27.0,-21.0,0.0,0.0,1.0
55.0,199.0,27.0,-21.0,1.0,0.0,1.0
51.0,195.0,26.0,-22.0,2.0,0.0,1.0
47.0,191.0,24.0,-24.0,3.0,0.0,1.0
43.0,187.0,21.0,-27.0,4.0,0.0,1.0
39.0,183.0,17.0,-31.0,5.0,0.0,1.0
35.0,179.0,12.0,-36.0,6.0,0.0,1.0
31.0,175.0,6.0,-42.0,7.0,0.0,1.0
27.0,171.0,-1.0,-49.0,8.0,0.0,1.0
23.0,167.0,-9.0,-57.0,9.0,0.0,1.0
19.0,163.0,-18.0,-66.0,10.0,0.0,1.0
15.0,159.0,-28.0,-76.0,10.0,0.0,1.0
11.0,155.0,-19.0,-67.0,-9.0,1.0,1.0
7.0,151.0,-10.0,-58.0,-8.0,0.0,1.0
3.0,147.0,-2.0,-50.0,-7.0,0.0,1.0
143.0,0.0,-43.0,0.0,-6.0,0.0,1.0
139.0,0.0,-34.0,0.0,-9.0,1.0,1.0
135.0,287.0,-25.0,-57.0,-9.0,1.0,1.0
131.0,283.0,-16.0,-48.0,-8.0,0.0,1.0
127.0,279.0,-8.0,-40.0,-7.0,0.0,1.0
123.0,275.0,-1.0,-33.0,-6.0,0.0,1.0
119.0,271.0,5.0,-27.0,-5.0,0.0,1.0
115.0,267.0,10.0,-22.0,-4.0,0.0,1.0
111.0,263.0,14.0,-18.0,-3.0,0.0,1.0
107.0,259.0,17.0,-15.0,-2.0,0.0,1.0
103.0,255.0,19.0,-13.0,-1.0,0.0,1.0
99.0,251.0,20.0,-12.0,0.0,0.0,1.0
95.0,247.0,20.0,-12.0,1.0,0.0,1.0
91.0,243.0,19.0,-13.0,2.0,0.0,1.0
87.0,239.0,17.0,-15.0,3.0,0.0,1.0
83.0,235.0,14.0,-18.0,4.0,0.0,1.0
79.0,231.0,10.0,-22.0,5.0,0.0,1.0
75.0,227.0,5.0,-27.0,6.0,0.0,1.0
71.0,223.0,-1.0,-33.0,7.0,0.0,1.0
67.0,219.0,-8.0,-40.0,8.0,0.0,1.0
63.0,215.0,-16.0,-48.0,9.0,0.0,1.0
59.0,211.0,-25.0,-57.0,10.0,0.0,1.0
55.0,207.0,-35.0,-67.0,10.0,0.0,1.0
51.0,203.0,-26.0,-58.0,-9.0,1.0,1.0
47.0,199.0,-17.0,-49.0,-9.0,1.0,1.0
43.0,195.0,-8.0,-40.0,-8.0,0.0,1.0
39.0,191.0,0.0,-32.0,-7.0,0.0,1.0
35.0,187.0,7.0,-25.0,-6.0,0.0,1.0
31.0,183.0,13.0,-19.0,-5.0,0.0,1.0
27.0,179.0,18.0,-14.0,-4.0,0.0,1.0
23.0,175.0,22.0,-10.0,-3.0,0.0,1.0
19.0,171.0,25.0,-7.0,-2.0,0.0,1.0
15.0,167.0,27.0,-5.0,-1.0,0.0,1.0
11.0,163.0,28.0,-4.0,0.0,0.0,1.0
7.0,159.0,28.0,-4.0,1.0,0.0,1.0
3.0,155.0,27.0,-5.0,2.0,0.0,1.0
151.0,0.0,-7.0,0.0,3.0,0.0,1.0
147.0,0.0,-10.0,0.0,4.0,0.0,1.0
143.0,287.0,-14.0,41.0,5.0,0.0,1.0
139.0,283.0,-19.0,36.0,6.0,0.0,1.0
135.0,279.0,-25.0,30.0,7.0,0.0,1.0
131.0,275.0,-32.0,23.0,8.0,0.0,1.0
127.0,271.0,-23.0,32.0,-9.0,1.0,1.0
123.0,267.0,-14.0,41.0,-8.0,0.0,1.0
119.0,263.0,-6.0,49.0,-7.0,0.0,1.0
115.0,259.0,1.0,56.0,-6.0,0.0,1.0
111.0,255.0,7.0,62.0,-5.0,0.0,1.0
107.0,251.0,12.0,67.0,-4.0,0.0,1.0
103.0,247.0,16.0,71.0,-3.0,0.0,1.0
99.0,243.0,19.0,74.0,-2.0,0.0,1.0
95.0,239.0,21.0,76.0,-1.0,0.0,1.0
91.0,235.0,22.0,77.0,0.0,0.0,1.0
87.0,231.0,22.0,77.0,1.0,0.0,1.0
83.0,227.0,21.0,76.0,2.0,0.0,1.0
79.0,223.0,19.0,74.0,3.0,0.0,1.0
75.0,219.0,16.0,71.0,4.0,0.0,1.0
71.0,215.0,12.0,67.0,5.0,0.0,1.0
67.0,211.0,7.0,62.0,6.0,0.0,1.0
63.0,207.0,1.0,56.0,7.0,0.0,1.0
59.0,203.0,-6.0,49.0,8.0,0.0,1.0
55.0,199.0,-14.0,41.0,9.0,0.0,1.0
51.0,195.0,-23.0,32.0,10.0,0.0,1.0
47.0,191.0,-33.0,22.0,10.0,0.0,1.0
43.0,187.0,-24.0,31.0,-9.0,1.0,1.0
39.0,183.0,-15.0,40.0,-8.0,0.0,1.0
35.0,179.0,-7.0,48.0,-7.0,0.0,1.0
31.0,175.0,0.0,55.0,-6.0,0.0,1.0
27.0,171.0,6.0,61.0,-5.0,0.0,1.0
23.0,167.0,11.0,66.0,-4.0,0.0,1.0
19.0,163.0,15.0,70.0,-3.0,0.0,1.0
15.0,159.0,18.0,73.0,-2.0,0.0,1.0
11.0,155.0,20.0,75.0,-1.0,0.0,1.0
7.0,151.0,21.0,76.0,0.0,0.0,1.0
3.0,147.0,21.0,76.0,1.0,0.0,1.0
143.0,0.0,75.0,0.0,2.0,0.0,1.0
139.0,0.0,73.0,0.0,3.0,0.0,1.0
135.0,287.0,70.0,42.0,4.0,0.0,1.0
131.0,283.0,66.0,38.0,5.0,0.0,1.0
127.0,279.0,61.0,33.0,6.0,0.0,1.0
123.0,275.0,55.0,27.0,7.0,0.0,1.0
119.0,271.0,48.0,20.0,8.0,0.0,1.0
115.0,267.0,40.0,12.0,9.0,0.0,1.0
111.0,263.0,31.0,3.0,10.0,0.0,1.0
107.0,259.0,21.0,-7.0,10.0,0.0,1.0
103.0,255.0,11.0,-17.0,10.0,0.0,1.0
99.0,251.0,1.0,-27.0,10.0,0.0,1.0
95.0,247.0,-9.0,-37.0,10.0,0.0,1.0
91.0,243.0,-19.0,-47.0,10.0,0.0,1.0
87.0,239.0,-29.0,-57.0,10.0,0.0,1.0
83.0,235.0,-20.0,-48.0,-9.0,1.0,1.0
79.0,231.0,-11.0,-39.0,-8.0,0.0,1.0
75.0,227.0,-3.0,-31.0,-7.0,0.0,1.0
71.0,223.0,4.0,-24.0,-6.0,0.0,1.0
67.0,219.0,10.0,-18.0,-5.0,0.0,1.0
63.0,215.0,15.0,-13.0,-4.0,0.0,1.0
59.0,211.0,19.0,-9.0,-3.0,0.0,1.0
55.0,207.0,22.0,-6.0,-2.0,0.0,1.0
51.0,203.0,24.0,-4.0,-1.0,0.0,1.0
47.0,199.0,25.0,-3.0,0.0,0.0,1.0
43.0,195.0,25.0,-3.0,1.0,0.0,1.0
39.0,191.0,24.0,-4.0,2.0,0.0,1.0
35.0,187.0,22.0,-6.0,3.0,0.0,1.0
31.0,183.0,19.0,-9.0,4.0,0.0,1.0
27.0,179.0,15.0,-13.0,5.0,0.0,1.0
23.0,175.0,10.0,-18.0,6.0,0.0,1.0
19.0,171.0,4.0,-24.0,7.0,0.0,1.0
15.0,167.0,-3.0,-31.0,8.0,0.0,1.0
11.0,163.0,-11.0,-39.0,9.0,0.0,1.0
7.0,159.0,-20.0,-48.0,10.0,0.0,1.0
3.0,155.0,-30.0,-58.0,10.0,0.0,1.0
151.0,0.0,-49.0,0.0,-9.0,1.0,1.0
147.0,0.0,-40.0,0.0,-9.0,1.0,1.0
143.0,287.0,-31.0,-35.0,-9.0,1.0,1.0
139.0,283.0,-22.0,-26.0,-9.0,1.0,1.0
135.0,279.0,-13.0,-17.0,-8.0,0.0,1.0
131.0,275.0,-5.0,-9.0,-7.0,0.0,1.0
127.0,271.0,2.0,-2.0,-6.0,0.0,1.0
123.0,267.0,8.0,4.0,-5.0,0.0,1.0
119.0,263.0,13.0,9.0,-4.0,0.0,1.0
115.0,259.0,17.0,13.0,-3.0,0.0,1.0
111.0,255.0,20.0,16.0,-2.0,0.0,1.0
107.0,251.0,22.0,18.0,-1.0,0.0,1.0
103.0,247.0,23.0,19.0,0.0,0.0,1.0
99.0,243.0,23.0,19.0,1.0,0.0,1.0
95.0,239.0,22.0,18.0,2.0,0.0,1.0
91.0,235.0,20.0,16.0,3.0,0.0,1.0
87.0,231.0,17.0,13.0,4.0,0.0,1.0
83.0,227.0,13.0,9.0,5.0,0.0,1.0
79.0,223.0,8.0,4.0,6.0,0.0,1.0
75.0,219.0,2.0,-2.0,7.0,0.0,1.0
71.0,215.0,-5.0,-9.0,8.0,0.0,1.0
67.0,211.0,-13.0,-17.0,9.0,0.0,1.0
63.0,207.0,-22.0,-26.0,10.0,0.0,1.0
59.0,203.0,-32.0,-36.0,10.0,0.0,1.0
55.0,199.0,-23.0,-27.0,-9.0,1.0,1.0
51.0,195.0,-14.0,-18.0,-8.0,0.0,1.0
47.0,191.0,-6.0,-10.0,-7.0,0.0,1.0
43.0,187.0,1.0,-3.0,-6.0,0.0,1.0
39.0,183.0,7.0,3.0,-5.0,0.0,1.0
35.0,179.0,12.0,8.0,-4.0,0.0,1.0
31.0,175.0,16.0,12.0,-3.0,0.0,1.0
27.0,171.0,19.0,15.0,-2.0,0.0,1.0
23.0,167.0,21.0,17.0,-1.0,0.0,1.0
19.0,163.0,22.0,18.0,0.0,0.0,1.0
15.0,159.0,22.0,18.0,1.0,0.0,1.0
11.0,155.0,21.0,17.0,2.0,0.0,1.0
7.0,151.0,19.0,15.0,3.0,0.0,1.0
3.0,147.0,16.0,12.0,4.0,0.0,1.0
143.0,0.0,8.0,0.0,5.0,0.0,1.0
139.0,0.0,3.0,0.0,6.0,0.0,1.0
135.0,287.0,-3.0,28.0,7.0,0.0,1.0
131.0,283.0,-10.0,21.0,8.0,0.0,1.0
127.0,279.0,-18.0,13.0,9.0,0.0,1.0
123.0,275.0,-27.0,4.0,10.0,0.0,1.0
119.0,271.0,-18.0,13.0,-9.0,1.0,1.0
115.0,267.0,-9.0,22.0,-8.0,0.0,1.0
111.0,263.0,-1.0,30.0,-7.0,0.0,1.0
107.0,259.0,6.0,37.0,-6.0,0.0,1.0
103.0,255.0,12.0,43.0,-5.0,0.0,1.0
99.0,251.0,17.0,48.0,-4.0,0.0,1.0
95.0,247.0,21.0,52.0,-3.0,0.0,1.0
91.0,243.0,24.0,55.0,-2.0,0.0,1.0
87.0,239.0,26.0,57.0,-1.0,0.0,1.0
83.0,235.0,27.0,58.0,0.0,0.0,1.0
79.0,231.0,27.0,58.0,1.0,0.0,1.0
75.0,227.0,26.0,57.0,2.0,0.0,1.0
71.0,223.0,24.0,55.0,3.0,0.0,1.0
67.0,219.0,21.0,52.0,4.0,0.0,1.0
63.0,215.0,17.0,48.0,5.0,0.0,1.0
59.0,211.0,12.0,43.0,6.0,0.0,1.0
55.0,207.0,6.0,37.0,7.0,0.0,1.0
51.0,203.0,-1.0,30.0,8.0,0.0,1.0
47.0,199.0,-9.0,22.0,9.0,0.0,1.0
43.0,195.0,-18.0,13.0,10.0,0.0,1.0
39.0,191.0,-28.0,3.0,10.0,0.0,1.0
35.0,187.0,-19.0,12.0,-9.0,1.0,1.0
31.0,183.0,-10.0,21.0,-8.0,0.0,1.0
27.0,179.0,-2.0,29.0,-7.0,0.0,1.0
23.0,175.0,5.0,36.0,-6.0,0.0,1.0
19.0,171.0,11.0,42.0,-5.0,0.0,1.0
15.0,167.0,16.0,47.0,-4.0,0.0,1.0
11.0,163.0,20.0,51.0,-3.0,0.0,1.0
7.0,159.0,23.0,54.0,-2.0,0.0,1.0
3.0,155.0,25.0,56.0,-1.0,0.0,1.0
151.0,0.0,57.0,0.0,0.0,0.0,1.0
147.0,0.0,57.0,0.0,1.0,0.0,1.0
143.0,287.0,56.0,63.0,2.0,0.0,1.0
139.0,283.0,54.0,61.0,3.0,0.0,1.0
135.0,279.0,51.0,58.0,4.0,0.0,1.0
131.0,275.0,47.0,54.0,5.0,0.0,1.0
127.0,271.0,42.0,49.0,6.0,0.0,1.0
123.0,267.0,36.0,43.0,7.0,0.0,1.0
119.0,263.0,29.0,36.0,8.0,0.0,1.0
115.0,259.0,21.0,28.0,9.0,0.0,1.0
111.0,255.0,12.0,19.0,10.0,0.0,1.0
107.0,251.0,2.0,9.0,10.0,0.0,1.0
103.0,247.0,-8.0,-1.0,10.0,0.0,1.0
99.0,243.0,-18.0,-11.0,10.0,0.0,1.0
95.0,239.0,-28.0,-21.0,10.0,0.0,1.0
91.0,235.0,-19.0,-12.0,-9.0,1.0,1.0
87.0,231.0,-10.0,-3.0,-8.0,0.0,1.0
83.0,227.0,-2.0,5.0,-7.0,0.0,1.0
79.0,223.0,5.0,12.0,-6.0,0.0,1.0
75.0,219.0,11.0,18.0,-5.0,0.0,1.0
71.0,215.0,16.0,23.0,-4.0,0.0,1.0
67.0,211.0,20.0,27.0,-3.0,0.0,1.0
63.0,207.0,23.0,30.0,-2.0,0.0,1.0
59.0,203.0,25.0,32.0,-1.0,0.0,1.0
55.0,199.0,26.0,33.0,0.0,0.0,1.0
51.0,195.0,26.0,33.0,1.0,0.0,1.0
47.0,191.0,25.0,32.0,2.0,0.0,1.0
43.0,187.0,23.0,30.0,3.0,0.0,1.0
39.0,183.0,20.0,27.0,4.0,0.0,1.0
35.0,179.0,16.0,23.0,5.0,0.0,1.0
31.0,175.0,11.0,18.0,6.0,0.0,1.0
27.0,171.0,5.0,12.0,7.0,0.0,1.0
23.0,167.0,-2.0,5.0,8.0,0.0,1.0
19.0,163.0,-10.0,-3.0,9.0,0.0,1.0
15.0,159.0,-19.0,-12.0,10.0,0.0,1.0
11.0,155.0,-29.0,-22.0,10.0,0.0,1.0
7.0,151.0,-20.0,-13.0,-9.0,1.0,1.0
3.0,147.0,-11.0,-4.0,-8.0,0.0,1.0
143.0,0.0,4.0,0.0,-7.0,0.0,1.0
139.0,0.0,11.0,0.0,-6.0,0.0,1.0
135.0,287.0,17.0,71.0,-5.0,0.0,1.0
131.0,283.0,22.0,76.0,-4.0,0.0,1.0
127.0,279.0,26.0,80.0,-3.0,0.0,1.0
123.0,275.0,29.0,83.0,-2.0,0.0,1.0
119.0,271.0,31.0,85.0,-1.0,0.0,1.0
115.0,267.0,32.0,86.0,0.0,0.0,1.0
111.0,263.0,32.0,86.0,1.0,0.0,1.0
107.0,259.0,31.0,85.0,2.0,0.0,1.0
103.0,255.0,29.0,83.0,3.0,0.0,1.0
99.0,251.0,26.0,80.0,4.0,0.0,1.0
95.0,247.0,22.0,76.0,5.0,0.0,1.0
91.0,243.0,17.0,71.0,6.0,0.0,1.0
87.0,239.0,11.0,65.0,7.0,0.0,1.0
83.0,235.0,4.0,58.0,8.0,0.0,1.0
79.0,231.0,-4.0,50.0,9.0,0.0,1.0
75.0,227.0,-13.0,41.0,10.0,0.0,1.0
71.0,223.0,-23.0,31.0,10.0,0.0,1.0
67.0,219.0,-33.0,21.0,10.0,0.0,1.0
63.0,215.0,-24.0,30.0,-9.0,1.0,1.0
59.0,211.0,-15.0,39.0,-8.0,0.0,1.0
55.0,207.0,-7.0,47.0,-7.0,0.0,1.0
51.0,203.0,0.0,54.0,-6.0,0.0,1.0
47.0,199.0,6.0,60.0,-5.0,0.0,1.0
43.0,195.0,11.0,65.0,-4.0,0.0,1.0
39.0,191.0,15.0,69.0,-3.0,0.0,1.0
35.0,187.0,18.0,72.0,-2.0,0.0,1.0
31.0,183.0,20.0,74.0,-1.0,0.0,1.0
27.0,179.0,21.0,75.0,0.0,0.0,1.0
23.0,175.0,21.0,75.0,1.0,0.0,1.0
19.0,171.0,20.0,74.0,2.0,0.0,1.0
15.0,167.0,18.0,72.0,3.0,0.0,1.0
11.0,163.0,15.0,69.0,4.0,0.0,1.0
7.0,159.0,11.0,65.0,5.0,0.0,1.0
3.0,155.0,6.0,60.0,6.0,0.0,1.0
151.0,0.0,54.0,0.0,7.0,0.0,1.0
147.0,0.0,47.0,0.0,8.0,0.0,1.0
143.0,287.0,39.0,31.0,9.0,0.0,1.0
139.0,283.0,30.0,22.0,10.0,0.0,1.0
135.0,279.0,20.0,12.0,10.0,0.0,1.0
131.0,275.0,10.0,2.0,10.0,0.0,1.0
127.0,271.0,0.0,-8.0,10.0,0.0,1.0
123.0,267.0,-10.0,-18.0,10.0,0.0,1.0
119.0,263.0,-20.0,-28.0,10.0,0.0,1.0
115.0,259.0,-30.0,-38.0,10.0,0.0,1.0
111.0,255.0,-21.0,-29.0,-9.0,1.0,1.0
107.0,251.0,-12.0,-20.0,-8.0,0.0,1.0
103.0,247.0,-4.0,-12.0,-7.0,0.0,1.0
99.0,243.0,3.0,-5.0,-6.0,0.0,1.0
95.0,239.0,9.0,1.0,-5.0,0.0,1.0
91.0,235.0,14.0,6.0,-4.0,0.0,1.0
87.0,231.0,18.0,10.0,-3.0,0.0,1.0
83.0,227.0,21.0,13.0,-2.0,0.0,1.0
79.0,223.0,23.0,15.0,-1.0,0.0,1.0
75.0,219.0,24.0,16.0,0.0,0.0,1.0
71.0,215.0,24.0,16.0,1.0,0.0,1.0
67.0,211.0,23.0,15.0,2.0,0.0,1.0
63.0,207.0,21.0,13.0,3.0,0.0,1.0
59.0,203.0,18.0,10.0,4.0,0.0,1.0
55.0,199.0,14.0,6.0,5.0,0.0,1.0
51.0,195.0,9.0,1.0,6.0,0.0,1.0
47.0,191.0,3.0,-5.0,7.0,0.0,1.0
43.0,187.0,-4.0,-12.0,8.0,0.0,1.0
39.0,183.0,-12.0,-20.0,9.0,0.0,1.0
35.0,179.0,-21.0,-29.0,10.0,0.0,1.0
31.0,175.0,-31.0,-39.0,10.0,0.0,1.0
27.0,171.0,-22.0,-30.0,-9.0,1.0,1.0
23.0,167.0,-13.0,-21.0,-8.0,0.0,1.0
19.0,163.0,-5.0,-13.0,-7.0,0.0,1.0
15.0,159.0,2.0,-6.0,-6.0,0.0,1.0
11.0,155.0,8.0,0.0,-5.0,0.0,1.0
7.0,151.0,13.0,5.0,-4.0,0.0,1.0
3.0,147.0,17.0,9.0,-3.0,0.0,1.0
143.0,0.0,12.0,0.0,-2.0,0.0,1.0
139.0,0.0,14.0,0.0,-1.0,0.0,1.0
135.0,287.0,15.0,-91.0,0.0,0.0,1.0
131.0,283.0,15.0,-91.0,1.0,0.0,1.0
127.0,279.0,14.0,-92.0,2.0,0.0,1.0
123.0,275.0,12.0,-94.0,3.0,0.0,1.0
119.0,271.0,9.0,-97.0,4.0,0.0,1.0
115.0,267.0,5.0,-101.0,5.0,0.0,1.0
111.0,263.0,0.0,-106.0,6.0,0.0,1.0
107.0,259.0,-6.0,-112.0,7.0,0.0,1.0
103.0,255.0,-13.0,-119.0,8.0,0.0,1.0
99.0,251.0,-21.0,-127.0,9.0,0.0,1.0
95.0,247.0,-30.0,-136.0,10.0,0.0,1.0
91.0,243.0,-21.0,-127.0,-9.0,1.0,1.0
87.0,239.0,-12.0,-118.0,-8.0,0.0,1.0
83.0,235.0,-4.0,-110.0,-7.0,0.0,1.0
79.0,231.0,3.0,-103.0,-6.0,0.0,1.0
75.0,227.0,9.0,-97.0,-5.0,0.0,1.0
71.0,223.0,14.0,-92.0,-4.0,0.0,1.0
67.0,219.0,18.0,-88.0,-3.0,0.0,1.0
63.0,215.0,21.0,-85.0,-2.0,0.0,1.0
59.0,211.0,23.0,-83.0,-1.0,0.0,1.0
55.0,207.0,24.0,-82.0,0.0,0.0,1.0
51.0,203.0,24.0,-82.0,1.0,0.0,1.0
47.0,199.0,23.0,-83.0,2.0,0.0,1.0
43.0,195.0,21.0,-85.0,3.0,0.0,1.0
39.0,191.0,18.0,-88.0,4.0,0.0,1.0
35.0,187.0,14.0,-92.0,5.0,0.0,1.0
31.0,183.0,9.0,-97.0,6.0,0.0,1.0
27.0,179.0,3.0,-103.0,7.0,0.0,1.0
23.0,175.0,-4.0,-110.0,8.0,0.0,1.0
19.0,171.0,-12.0,-118.0,9.0,0.0,1.0
15.0,167.0,-21.0,-127.0,10.0,0.0,1.0
11.0,163.0,-31.0,-137.0,10.0,0.0,1.0
7.0,159.0,-22.0,-128.0,-9.0,1.0,1.0
3.0,155.0,-13.0,-119.0,-8.0,0.0,1.0
151.0,0.0,-111.0,0.0,-7.0,0.0,1.0
147.0,0.0,-102.0,0.0,-9.0,1.0,1.0
143.0,287.0,-93.0,-89.0,-9.0,1.0,1.0
139.0,283.0,-84.0,-80.0,-9.0,1.0,1.0
135.0,279.0,-75.0,-71.0,-9.0,1.0,1.0
131.0,275.0,-66.0,-62.0,-9.0,1.0,1.0
127.0,271.0,-57.0,-53.0,-9.0,1.0,1.0
123.0,267.0,-48.0,-44.0,-9.0,1.0,1.0
119.0,263.0,-39.0,-35.0,-9.0,1.0,1.0
115.0,259.0,-30.0,-26.0,-9.0,1.0,1.0
111.0,255.0,-21.0,-17.0,-9.0,1.0,1.0
107.0,251.0,-12.0,-8.0,-8.0,0.0,1.0
103.0,247.0,-4.0,0.0,-7.0,0.0,1.0
99.0,243.0,3.0,7.0,-6.0,0.0,1.0
95.0,239.0,9.0,13.0,-5.0,0.0,1.0
91.0,235.0,14.0,18.0,-4.0,0.0,1.0
87.0,231.0,18.0,22.0,-3.0,0.0,1.0
83.0,227.0,21.0,25.0,-2.0,0.0,1.0
79.0,223.0,23.0,27.0,-1.0,0.0,1.0
75.0,219.0,24.0,28.0,0.0,0.0,1.0
71.0,215.0,24.0,28.0,1.0,0.0,1.0
67.0,211.0,23.0,27.0,2.0,0.0,1.0
63.0,207.0,21.0,25.0,3.0,0.0,1.0
59.0,203.0,18.0,22.0,4.0,0.0,1.0
55.0,199.0,14.0,18.0,5.0,0.0,1.0
51.0,195.0,9.0,13.0,6.0,0.0,1.0
47.0,191.0,3.0,7.0,7.0,0.0,1.0
43.0,187.0,-4.0,0.0,8.0,0.0,1.0
39.0,183.0,-12.0,-8.0,9.0,0.0,1.0
35.0,179.0,-21.0,-17.0,10.0,0.0,1.0
31.0,175.0,-31.0,-27.0,10.0,0.0,1.0
27.0,171.0,-22.0,-18.0,-9.0,1.0,1.0
23.0,167.0,-13.0,-9.0,-8.0,0.0,1.0
19.0,163.0,-5.0,-1.0,-7.0,0.0,1.0
15.0,159.0,2.0,6.0,-6.0,0.0,1.0
11.0,155.0,8.0,12.0,-5.0,0.0,1.0
7.0,151.0,13.0,17.0,-4.0,0.0,1.0
3.0,147.0,17.0,21.0,-3.0,0.0,1.0
143.0,0.0,24.0,0.0,-2.0,0.0,1.0
139.0,0.0,26.0,0.0,-1.0,0.0,1.0
135.0,287.0,27.0,27.0,0.0,0.0,1.0
131.0,283.0,27.0,27.0,1.0,0.0,1.0
127.0,279.0,26.0,26.0,2.0,0.0,1.0
123.0,275.0,24.0,24.0,3.0,0.0,1.0
119.0,271.0,21.0,21.0,4.0,0.0,1.0
115.0,267.0,17.0,17.0,5.0,0.0,1.0
111.0,263.0,12.0,12.0,6.0,0.0,1.0
107.0,259.0,6.0,6.0,7.0,0.0,1.0
103.0,255.0,-1.0,-1.0,8.0,0.0,1.0
99.0,251.0,-9.0,-9.0,9.0,0.0,1.0
95.0,247.0,-18.0,-18.0,10.0,0.0,1.0
91.0,243.0,-28.0,-28.0,10.0,0.0,1.0
87.0,239.0,-19.0,-19.0,-9.0,1.0,1.0
83.0,235.0,-10.0,-10.0,-8.0,0.0,1.0
79.0,231.0,-2.0,-2.0,-7.0,0.0,1.0
75.0,227.0,5.0,5.0,-6.0,0.0,1.0
71.0,223.0,11.0,11.0,-5.0,0.0,1.0
67.0,219.0,16.0,16.0,-4.0,0.0,1.0
63.0,215.0,20.0,20.0,-3.0,0.0,1.0
59.0,211.0,23.0,23.0,-2.0,0.0,1.0
55.0,207.0,25.0,25.0,-1.0,0.0,1.0
51.0,203.0,26.0,26.0,0.0,0.0,1.0
47.0,199.0,26.0,26.0,1.0,0.0,1.0
43.0,195.0,25.0,25.0,2.0,0.0,1.0
39.0,191.0,23.0,23.0,3.0,0.0,1.0
35.0,187.0,20.0,20.0,4.0,0.0,1.0
31.0,183.0,16.0,16.0,5.0,0.0,1.0
27.0,179.0,11.0,11.0,6.0,0.0,1.0
23.0,175.0,5.0,5.0,7.0,0.0,1.0
19.0,171.0,-2.0,-2.0,8.0,0.0,1.0
15.0,167.0,-10.0,-10.0,9.0,0.0,1.0
11.0,163.0,-19.0,-19.0,10.0,0.0,1.0
7.0,159.0,-29.0,-29.0,10.0,0.0,1.0
3.0,155.0,-20.0,-20.0,-9.0,1.0,1.0
151.0,0.0,-11.0,0.0,-8.0,0.0,1.0
147.0,0.0,-3.0,0.0,-7.0,0.0,1.0
143.0,287.0,4.0,96.0,-6.0,0.0,1.0
139.0,283.0,10.0,102.0,-5.0,0.0,1.0
135.0,279.0,15.0,107.0,-4.0,0.0,1.0
131.0,275.0,19.0,111.0,-3.0,0.0,1.0
127.0,271.0,22.0,114.0,-2.0,0.0,1.0
123.0,267.0,24.0,116.0,-1.0,0.0,1.0
119.0,263.0,25.0,117.0,0.0,0.0,1.0
115.0,259.0,25.0,117.0,1.0,0.0,1.0
111.0,255.0,24.0,116.0,2.0,0.0,1.0
107.0,251.0,22.0,114.0,3.0,0.0,1.0
103.0,247.0,19.0,111.0,4.0,0.0,1.0
99.0,243.0,15.0,107.0,5.0,0.0,1.0
95.0,239.0,10.0,102.0,6.0,0.0,1.0
91.0,235.0,4.0,96.0,7.0,0.0,1.0
87.0,231.0,-3.0,89.0,8.0,0.0,1.0
83.0,227.0,-11.0,81.0,9.0,0.0,1.0
79.0,223.0,-20.0,72.0,10.0,0.0,1.0
75.0,219.0,-30.0,62.0,10.0,0.0,1.0
71.0,215.0,-21.0,71.0,-9.0,1.0,1.0
67.0,211.0,-12.0,80.0,-8.0,0.0,1.0
63.0,207.0,-4.0,88.0,-7.0,0.0,1.0
59.0,203.0,3.0,95.0,-6.0,0.0,1.0
55.0,199.0,9.0,101.0,-5.0,0.0,1.0
51.0,195.0,14.0,106.0,-4.0,0.0,1.0
47.0,191.0,18.0,110.0,-3.0,0.0,1.0
43.0,187.0,21.0,113.0,-2.0,0.0,1.0
39.0,183.0,23.0,115.0,-1.0,0.0,1.0
35.0,179.0,24.0,116.0,0.0,0.0,1.0
31.0,175.0,24.0,116.0,1.0,0.0,1.0
27.0,171.0,23.0,115.0,2.0,0.0,1.0
23.0,167.0,21.0,113.0,3.0,0.0,1.0
19.0,163.0,18.0,110.0,4.0,0.0,1.0
15.0,159.0,14.0,106.0,5.0,0.0,1.0
11.0,155.0,9.0,101.0,6.0,0.0,1.0
7.0,151.0,3.0,95.0,7.0,0.0,1.0
3.0,147.0,-4.0,88.0,8.0,0.0,1.0
143.0,0.0,80.0,0.0,9.0,0.0,1.0
139.0,0.0,71.0,0.0,10.0,0.0,1.0
135.0,287.0,61.0,36.0,10.0,0.0,1.0
131.0,283.0,51.0,26.0,10.0,0.0,1.0
127.0,279.0,41.0,16.0,10.0,0.0,1.0
123.0,275.0,31.0,6.0,10.0,0.0,1.0
119.0,271.0,21.0,-4.0,10.0,0.0,1.0
115.0,267.0,11.0,-14.0,10.0,0.0,1.0
111.0,263.0,1.0,-24.0,10.0,0.0,1.0
107.0,259.0,-9.0,-34.0,10.0,0.0,1.0
103.0,255.0,-19.0,-44.0,10.0,0.0,1.0
99.0,251.0,-29.0,-54.0,10.0,0.0,1.0
95.0,247.0,-20.0,-45.0,-9.0,1.0,1.0
91.0,243.0,-11.0,-36.0,-8.0,0.0,1.0
87.0,239.0,-3.0,-28.0,-7.0,0.0,1.0
83.0,235.0,4.0,-21.0,-6.0,0.0,1.0
79.0,231.0,10.0,-15.0,-5.0,0.0,1.0
75.0,227.0,15.0,-10.0,-4.0,0.0,1.0
71.0,223.0,19.0,-6.0,-3.0,0.0,1.0
67.0,219.0,22.0,-3.0,-2.0,0.0,1.0
63.0,215.0,24.0,-1.0,-1.0,0.0,1.0
59.0,211.0,25.0,0.0,0.0,0.0,1.0
55.0,207.0,25.0,0.0,1.0,0.0,1.0
51.0,203.0,24.0,-1.0,2.0,0.0,1.0
47.0,199.0,22.0,-3.0,3.0,0.0,1.0
43.0,195.0,19.0,-6.0,4.0,0.0,1.0
39.0,191.0,15.0,-10.0,5.0,0.0,1.0
35.0,187.0,10.0,-15.0,6.0,0.0,1.0
31.0,183.0,4.0,-21.0,7.0,0.0,1.0
27.0,179.0,-3.0,-28.0,8.0,0.0,1.0
23.0,175.0,-11.0,-36.0,9.0,0.0,1.0
19.0,171.0,-20.0,-45.0,10.0,0.0,1.0
15.0,167.0,-30.0,-55.0,10.0,0.0,1.0
11.0,163.0,-21.0,-46.0,-9.0,1.0,1.0
7.0,159.0,-12.0,-37.0,-8.0,0.0,1.0
3.0,155.0,-4.0,-29.0,-7.0,0.0,1.0
151.0,0.0,-22.0,0.0,-6.0,0.0,1.0
147.0,0.0,-16.0,0.0,-5.0,0.0,1.0
143.0,287.0,-11.0,39.0,-4.0,0.0,1.0
139.0,283.0,-7.0,43.0,-3.0,0.0,1.0
135.0,279.0,-4.0,46.0,-2.0,0.0,1.0
131.0,275.0,-2.0,48.0,-1.0,0.0,1.0
127.0,271.0,-1.0,49.0,0.0,0.0,1.0
123.0,267.0,-1.0,49.0,1.0,0.0,1.0
119.0,263.0,-2.0,48.0,2.0,0.0,1.0
115.0,259.0,-4.0,46.0,3.0,0.0,1.0
111.0,255.0,-7.0,43.0,4.0,0.0,1.0
107.0,251.0,-11.0,39.0,5.0,0.0,1.0
103.0,247.0,-16.0,34.0,6.0,0.0,1.0
99.0,243.0,-22.0,28.0,7.0,0.0,1.0
95.0,239.0,-29.0,21.0,8.0,0.0,1.0
91.0,235.0,-20.0,30.0,-9.0,1.0,1.0
87.0,231.0,-11.0,39.0,-8.0,0.0,1.0
83.0,227.0,-3.0,47.0,-7.0,0.0,1.0
79.0,223.0,4.0,54.0,-6.0,0.0,1.0
75.0,219.0,10.0,60.0,-5.0,0.0,1.0
71.0,215.0,15.0,65.0,-4.0,0.0,1.0
67.0,211.0,19.0,69.0,-3.0,0.0,1.0
63.0,207.0,22.0,72.0,-2.0,0.0,1.0
59.0,203.0,24.0,74.0,-1.0,0.0,1.0
55.0,199.0,25.0,75.0,0.0,0.0,1.0
51.0,195.0,25.0,75.0,1.0,0.0,1.0
47.0,191.0,24.0,74.0,2.0,0.0,1.0
43.0,187.0,22.0,72.0,3.0,0.0,1.0
39.0,183.0,19.0,69.0,4.0,0.0,1.0
35.0,179.0,15.0,65.0,5.0,0.0,1.0
31.0,175.0,10.0,60.0,6.0,0.0,1.0
27.0,171.0,4.0,54.0,7.0,0.0,1.0
23.0,167.0,-3.0,47.0,8.0,0.0,1.0
19.0,163.0,-11.0,39.0,9.0,0.0,1.0
15.0,159.0,-20.0,30.0,10.0,0.0,1.0
11.0,155.0,-30.0,20.0,10.0,0.0,1.0
7.0,151.0,-21.0,29.0,-9.0,1.0,1.0
3.0,147.0,-12.0,38.0,-8.0,0.0,1.0
143.0,0.0,46.0,0.0,-7.0,0.0,1.0
139.0,0.0,53.0,0.0,-6.0,0.0,1.0
135.0,287.0,59.0,-51.0,-5.0,0.0,1.0
131.0,283.0,64.0,-46.0,-4.0,0.0,1.0
127.0,279.0,68.0,-42.0,-3.0,0.0,1.0
123.0,275.0,71.0,-39.0,-2.0,0.0,1.0
119.0,271.0,73.0,-37.0,-1.0,0.0,1.0
115.0,267.0,74.0,-36.0,0.0,0.0,1.0
111.0,263.0,74.0,-36.0,1.0,0.0,1.0
107.0,259.0,73.0,-37.0,2.0,0.0,1.0
103.0,255.0,71.0,-39.0,3.0,0.0,1.0
99.0,251.0,68.0,-42.0,4.0,0.0,1.0
95.0,247.0,64.0,-46.0,5.0,0.0,1.0
91.0,243.0,59.0,-51.0,6.0,0.0,1.0
87.0,239.0,53.0,-57.0,7.0,0.0,1.0
83.0,235.0,46.0,-64.0,8.0,0.0,1.0
79.0,231.0,38.0,-72.0,9.0,0.0,1.0
75.0,227.0,29.0,-81.0,10.0,0.0,1.0
71.0,223.0,19.0,-91.0,10.0,0.0,1.0
67.0,219.0,9.0,-101.0,10.0,0.0,1.0
63.0,215.0,-1.0,-111.0,10.0,0.0,1.0
59.0,211.0,-11.0,-121.0,10.0,0.0,1.0
55.0,207.0,-21.0,-131.0,10.0,0.0,1.0
51.0,203.0,-31.0,-141.0,10.0,0.0,1.0
47.0,199.0,-22.0,-132.0,-9.0,1.0,1.0
43.0,195.0,-13.0,-123.0,-8.0,0.0,1.0
39.0,191.0,-5.0,-115.0,-7.0,0.0,1.0
35.0,187.0,2.0,-108.0,-6.0,0.0,1.0
31.0,183.0,8.0,-102.0,-5.0,0.0,1.0
27.0,179.0,13.0,-97.0,-4.0,0.0,1.0
23.0,175.0,17.0,-93.0,-3.0,0.0,1.0
19.0,171.0,20.0,-90.0,-2.0,0.0,1.0
15.0,167.0,22.0,-88.0,-1.0,0.0,1.0
11.0,163.0,23.0,-87.0,0.0,0.0,1.0
7.0,159.0,23.0,-87.0,1.0,0.0,1.0
3.0,155.0,22.0,-88.0,2.0,0.0,1.0
151.0,0.0,-90.0,0.0,3.0,0.0,1.0
147.0,0.0,-81.0,0.0,-9.0,1.0,1.0
143.0,287.0,-72.0,-55.0,-9.0,1.0,1.0
139.0,283.0,-63.0,-46.0,-9.0,1.0,1.0
135.0,279.0,-54.0,-37.0,-9.0,1.0,1.0
131.0,275.0,-45.0,-28.0,-9.0,1.0,1.0
127.0,271.0,-36.0,-19.0,-9.0,1.0,1.0
123.0,267.0,-27.0,-10.0,-9.0,1.0,1.0
119.0,263.0,-18.0,-1.0,-9.0,1.0,1.0
115.0,259.0,-9.0,8.0,-8.0,0.0,1.0
111.0,255.0,-1.0,16.0,-7.0,0.0,1.0
107.0,251.0,6.0,23.0,-6.0,0.0,1.0
103.0,247.0,12.0,29.0,-5.0,0.0,1.0
99.0,243.0,17.0,34.0,-4.0,0.0,1.0
95.0,239.0,21.0,38.0,-3.0,0.0,1.0
91.0,235.0,24.0,41.0,-2.0,0.0,1.0
87.0,231.0,26.0,43.0,-1.0,0.0,1.0
83.0,227.0,27.0,44.0,0.0,0.0,1.0
79.0,223.0,27.0,44.0,1.0,0.0,1.0
75.0,219.0,26.0,43.0,2.0,0.0,1.0
71.0,215.0,24.0,41.0,3.0,0.0,1.0
67.0,211.0,21.0,38.0,4.0,0.0,1.0
63.0,207.0,17.0,34.0,5.0,0.0,1.0
59.0,203.0,12.0,29.0,6.0,0.0,1.0
55.0,199.0,6.0,23.0,7.0,0.0,1.0
51.0,195.0,-1.0,16.0,8.0,0.0,1.0
47.0,191.0,-9.0,8.0,9.0,0.0,1.0
43.0,187.0,-18.0,-1.0,10.0,0.0,1.0
39.0,183.0,-28.0,-11.0,10.0,0.0,1.0
35.0,179.0,-19.0,-2.0,-9.0,1.0,1.0
31.0,175.0,-10.0,7.0,-8.0,0.0,1.0
27.0,171.0,-2.0,15.0,-7.0,0.0,1.0
23.0,167.0,5.0,22.0,-6.0,0.0,1.0
19.0,163.0,11.0,28.0,-5.0,0.0,1.0
15.0,159.0,16.0,33.0,-4.0,0.0,1.0
11.0,155.0,20.0,37.0,-3.0,0.0,1.0
7.0,151.0,23.0,40.0,-2.0,0.0,1.0
3.0,147.0,25.0,42.0,-1.0,0.0,1.0
143.0,0.0,43.0,0.0,0.0,0.0,1.0
139.0,0.0,43.0,0.0,1.0,0.0,1.0
135.0,287.0,42.0,74.0,2.0,0.0,1.0
131.0,283.0,40.0,72.0,3.0,0.0,1.0
127.0,279.0,37.0,69.0,4.0,0.0,1.0
123.0,275.0,33.0,65.0,5.0,0.0,1.0
119.0,271.0,28.0,60.0,6.0,0.0,1.0
115.0,267.0,22.0,54.0,7.0,0.0,1.0
111.0,263.0,15.0,47.0,8.0,0.0,1.0
107.0,259.0,7.0,39.0,9.0,0.0,1.0
103.0,255.0,-2.0,30.0,10.0,0.0,1.0
99.0,251.0,-12.0,20.0,10.0,0.0,1.0
95.0,247.0,-22.0,10.0,10.0,0.0,1.0
91.0,243.0,-32.0,0.0,10.0,0.0,1.0
87.0,239.0,-23.0,9.0,-9.0,1.0,1.0
83.0,235.0,-14.0,18.0,-8.0,0.0,1.0
79.0,231.0,-6.0,26.0,-7.0,0.0,1.0
75.0,227.0,1.0,33.0,-6.0,0.0,1.0
71.0,223.0,7.0,39.0,-5.0,0.0,1.0
67.0,219.0,12.0,44.0,-4.0,0.0,1.0
63.0,215.0,16.0,48.0,-3.0,0.0,1.0
59.0,211.0,19.0,51.0,-2.0,0.0,1.0
55.0,207.0,21.0,53.0,-1.0,0.0,1.0
51.0,203.0,22.0,54.0,0.0,0.0,1.0
47.0,199.0,22.0,54.0,1.0,0.0,1.0
43.0,195.0,21.0,53.0,2.0,0.0,1.0
39.0,191.0,19.0,51.0,3.0,0.0,1.0
35.0,187.0,16.0,48.0,4.0,0.0,1.0
31.0,183.0,12.0,44.0,5.0,0.0,1.0
27.0,179.0,7.0,39.0,6.0,0.0,1.0
23.0,175.0,1.0,33.0,7.0,0.0,1.0
19.0,171.0,-6.0,26.0,8.0,0.0,1.0
15.0,167.0,-14.0,18.0,9.0,0.0,1.0
11.0,163.0,-23.0,9.0,10.0,0.0,1.0
7.0,159.0,-33.0,-1.0,10.0,0.0,1.0
3.0,155.0,-24.0,8.0,-9.0,1.0,1.0
151.0,0.0,17.0,0.0,-8.0,0.0,1.0
147.0,0.0,25.0,0.0,-7.0,0.0,1.0
143.0,287.0,32.0,48.0,-6.0,0.0,1.0
139.0,283.0,38.0,54.0,-5.0,0.0,1.0
135.0,279.0,43.0,59.0,-4.0,0.0,1.0
131.0,275.0,47.0,63.0,-3.0,0.0,1.0
127.0,271.0,50.0,66.0,-2.0,0.0,1.0
123.0,267.0,52.0,68.0,-1.0,0.0,1.0
119.0,263.0,53.0,69.0,0.0,0.0,1.0
115.0,259.0,53.0,69.0,1.0,0.0,1.0
111.0,255.0,52.0,68.0,2.0,0.0,1.0
107.0,251.0,50.0,66.0,3.0,0.0,1.0
103.0,247.0,47.0,63.0,4.0,0.0,1.0
99.0,243.0,43.0,59.0,5.0,0.0,1.0
95.0,239.0,38.0,54.0,6.0,0.0,1.0
91.0,235.0,32.0,48.0,7.0,0.0,1.0
87.0,231.0,25.0,41.0,8.0,0.0,1.0
83.0,227.0,17.0,33.0,9.0,0.0,1.0
79.0,223.0,8.0,24.0,10.0,0.0,1.0
75.0,219.0,-2.0,14.0,10.0,0.0,1.0
71.0,215.0,-12.0,4.0,10.0,0.0,1.0
67.0,211.0,-22.0,-6.0,10.0,0.0,1.0
63.0,207.0,-32.0,-16.0,10.0,0.0,1.0
59.0,203.0,-23.0,-7.0,-9.0,1.0,1.0
55.0,199.0,-14.0,2.0,-8.0,0.0,1.0
51.0,195.0,-6.0,10.0,-7.0,0.0,1.0
47.0,191.0,1.0,17.0,-6.0,0.0,1.0
43.0,187.0,7.0,23.0,-5.0,0.0,1.0
39.0,183.0,12.0,28.0,-4.0,0.0,1.0
35.0,179.0,16.0,32.0,-3.0,0.0,1.0
31.0,175.0,19.0,35.0,-2.0,0.0,1.0
27.0,171.0,21.0,37.0,-1.0,0.0,1.0
23.0,167.0,22.0,38.0,0.0,0.0,1.0
19.0,163.0,22.0,38.0,1.0,0.0,1.0
15.0,159.0,21.0,37.0,2.0,0.0,1.0
11.0,155.0,19.0,35.0,3.0,0.0,1.0
7.0,151.0,16.0,32.0,4.0,0.0,1.0
3.0,147.0,12.0,28.0,5.0,0.0,1.0
143.0,0.0,23.0,0.0,6.0,0.0,1.0
139.0,0.0,17.0,0.0,7.0,0.0,1.0
135.0,287.0,10.0,4.0,8.0,0.0,1.0
131.0,283.0,2.0,-4.0,9.0,0.0,1.0
127.0,279.0,-7.0,-13.0,10.0,0.0,1.0
123.0,275.0,-17.0,-23.0,10.0,0.0,1.0
119.0,271.0,-27.0,-33.0,10.0,0.0,1.0
115.0,267.0,-18.0,-24.0,-9.0,1.0,1.0
111.0,263.0,-9.0,-15.0,-8.0,0.0,1.0
107.0,259.0,-1.0,-7.0,-7.0,0.0,1.0
103.0,255.0,6.0,0.0,-6.0,0.0,1.0
99.0,251.0,12.0,6.0,-5.0,0.0,1.0
95.0,247.0,17.0,11.0,-4.0,0.0,1.0
91.0,243.0,21.0,15.0,-3.0,0.0,1.0
87.0,239.0,24.0,18.0,-2.0,0.0,1.0
83.0,235.0,26.0,20.0,-1.0,0.0,1.0
79.0,231.0,27.0,21.0,0.0,0.0,1.0
75.0,227.0,27.0,21.0,1.0,0.0,1.0
71.0,223.0,26.0,20.0,2.0,0.0,1.0
67.0,219.0,24.0,18.0,3.0,0.0,1.0
63.0,215.0,21.0,15.0,4.0,0.0,1.0
59.0,211.0,17.0,11.0,5.0,0.0,1.0
55.0,207.0,12.0,6.0,6.0,0.0,1.0
51.0,203.0,6.0,0.0,7.0,0.0,1.0
47.0,199.0,-1.0,-7.0,8.0,0.0,1.0
43.0,195.0,-9.0,-15.0,9.0,0.0,1.0
39.0,191.0,-18.0,-24.0,10.0,0.0,1.0
35.0,187.0,-28.0,-34.0,10.0,0.0,1.0
31.0,183.0,-19.0,-25.0,-9.0,1.0,1.0
27.0,179.0,-10.0,-16.0,-8.0,0.0,1.0
23.0,175.0,-2.0,-8.0,-7.0,0.0,1.0
19.0,171.0,5.0,-1.0,-6.0,0.0,1.0
15.0,167.0,11.0,5.0,-5.0,0.0,1.0
11.0,163.0,16.0,10.0,-4.0,0.0,1.0
7.0,159.0,20.0,14.0,-3.0,0.0,1.0
3.0,155.0,23.0,17.0,-2.0,0.0,1.0
151.0,0.0,19.0,0.0,-1.0,0.0,1.0
147.0,0.0,20.0,0.0,0.0,0.0,1.0
143.0,287.0,20.0,-15.0,1.0,0.0,1.0
139.0,283.0,19.0,-16.0,2.0,0.0,1.0
135.0,279.0,17.0,-18.0,3.0,0.0,1.0
131.0,275.0,14.0,-21.0,4.0,0.0,1.0
127.0,271.0,10.0,-25.0,5.0,0.0,1.0
123.0,267.0,5.0,-30.0,6.0,0.0,1.0
119.0,263.0,-1.0,-36.0,7.0,0.0,1.0
115.0,259.0,-8.0,-43.0,8.0,0.0,1.0
111.0,255.0,-16.0,-51.0,9.0,0.0,1.0
107.0,251.0,-25.0,-60.0,10.0,0.0,1.0
103.0,247.0,-35.0,-70.0,10.0,0.0,1.0
99.0,243.0,-26.0,-61.0,-9.0,1.0,1.0
95.0,239.0,-17.0,-52.0,-9.0,1.0,1.0
91.0,235.0,-8.0,-43.0,-8.0,0.0,1.0
87.0,231.0,0.0,-35.0,-7.0,0.0,1.0
83.0,227.0,7.0,-28.0,-6.0,0.0,1.0
79.0,223.0,13.0,-22.0,-5.0,0.0,1.0
75.0,219.0,18.0,-17.0,-4.0,0.0,1.0
71.0,215.0,22.0,-13.0,-3.0,0.0,1.0
67.0,211.0,25.0,-10.0,-2.0,0.0,1.0
63.0,207.0,27.0,-8.0,-1.0,0.0,1.0
59.0,203.0,28.0,-7.0,0.0,0.0,1.0
55.0,199.0,28.0,-7.0,1.0,0.0,1.0
51.0,195.0,27.0,-8.0,2.0,0.0,1.0
47.0,191.0,25.0,-10.0,3.0,0.0,1.0
43.0,187.0,22.0,-13.0,4.0,0.0,1.0
39.0,183.0,18.0,-17.0,5.0,0.0,1.0
35.0,179.0,13.0,-22.0,6.0,0.0,1.0
31.0,175.0,7.0,-28.0,7.0,0.0,1.0
27.0,171.0,0.0,-35.0,8.0,0.0,1.0
23.0,167.0,-8.0,-43.0,9.0,0.0,1.0
19.0,163.0,-17.0,-52.0,10.0,0.0,1.0
15.0,159.0,-27.0,-62.0,10.0,0.0,1.0
11.0,155.0,-18.0,-53.0,-9.0,1.0,1.0
7.0,151.0,-9.0,-44.0,-8.0,0.0,1.0
3.0,147.0,-1.0,-36.0,-7.0,0.0,1.0
143.0,0.0,-29.0,0.0,-6.0,0.0,1.0
139.0,0.0,-20.0,0.0,-9.0,1.0,1.0
135.0,287.0,-11.0,-15.0,-8.0,0.0,1.0
131.0,283.0,-3.0,-7.0,-7.0,0.0,1.0
127.0,279.0,4.0,0.0,-6.0,0.0,1.0
123.0,275.0,10.0,6.0,-5.0,0.0,1.0
119.0,271.0,15.0,11.0,-4.0,0.0,1.0
115.0,267.0,19.0,15.0,-3.0,0.0,1.0
111.0,263.0,22.0,18.0,-2.0,0.0,1.0
107.0,259.0,24.0,20.0,-1.0,0.0,1.0
103.0,255.0,25.0,21.0,0.0,0.0,1.0
99.0,251.0,25.0,21.0,1.0,0.0,1.0
95.0,247.0,24.0,20.0,2.0,0.0,1.0
91.0,243.0,22.0,18.0,3.0,0.0,1.0
87.0,239.0,19.0,15.0,4.0,0.0,1.0
83.0,235.0,15.0,11.0,5.0,0.0,1.0
79.0,231.0,10.0,6.0,6.0,0.0,1.0
75.0,227.0,4.0,0.0,7.0,0.0,1.0
71.0,223.0,-3.0,-7.0,8.0,0.0,1.0
67.0,219.0,-11.0,-15.0,9.0,0.0,1.0
63.0,215.0,-20.0,-24.0,10.0,0.0,1.0
59.0,211.0,-30.0,-34.0,10.0,0.0,1.0
55.0,207.0,-21.0,-25.0,-9.0,1.0,1.0
51.0,203.0,-12.0,-16.0,-8.0,0.0,1.0
47.0,199.0,-4.0,-8.0,-7.0,0.0,1.0
43.0,195.0,3.0,-1.0,-6.0,0.0,1.0
39.0,191.0,9.0,5.0,-5.0,0.0,1.0
35.0,187.0,14.0,10.0,-4.0,0.0,1.0
31.0,183.0,18.0,14.0,-3.0,0.0,1.0
27.0,179.0,21.0,17.0,-2.0,0.0,1.0
23.0,175.0,23.0,19.0,-1.0,0.0,1.0
19.0,171.0,24.0,20.0,0.0,0.0,1.0
15.0,167.0,24.0,20.0,1.0,0.0,1.0
11.0,163.0,23.0,19.0,2.0,0.0,1.0
7.0,159.0,21.0,17.0,3.0,0.0,1.0
3.0,155.0,18.0,14.0,4.0,0.0,1.0
151.0,0.0,10.0,0.0,5.0,0.0,1.0
147.0,0.0,5.0,0.0,6.0,0.0,1.0
143.0,287.0,-1.0,45.0,7.0,0.0,1.0
139.0,283.0,-8.0,38.0,8.0,0.0,1.0
135.0,279.0,-16.0,30.0,9.0,0.0,1.0
131.0,275.0,-25.0,21.0,10.0,0.0,1.0
127.0,271.0,-35.0,11.0,10.0,0.0,1.0
123.0,267.0,-26.0,20.0,-9.0,1.0,1.0
119.0,263.0,-17.0,29.0,-9.0,1.0,1.0
115.0,259.0,-8.0,38.0,-8.0,0.0,1.0
111.0,255.0,0.0,46.0,-7.0,0.0,1.0
107.0,251.0,7.0,53.0,-6.0,0.0,1.0
103.0,247.0,13.0,59.0,-5.0,0.0,1.0
99.0,243.0,18.0,64.0,-4.0,0.0,1.0
95.0,239.0,22.0,68.0,-3.0,0.0,1.0
91.0,235.0,25.0,71.0,-2.0,0.0,1.0
87.0,231.0,27.0,73.0,-1.0,0.0,1.0
83.0,227.0,28.0,74.0,0.0,0.0,1.0
79.0,223.0,28.0,74.0,1.0,0.0,1.0
75.0,219.0,27.0,73.0,2.0,0.0,1.0
71.0,215.0,25.0,71.0,3.0,0.0,1.0
67.0,211.0,22.0,68.0,4.0,0.0,1.0
63.0,207.0,18.0,64.0,5.0,0.0,1.0
59.0,203.0,13.0,59.0,6.0,0.0,1.0
55.0,199.0,7.0,53.0,7.0,0.0,1.0
51.0,195.0,0.0,46.0,8.0,0.0,1.0
47.0,191.0,-8.0,38.0,9.0,0.0,1.0
43.0,187.0,-17.0,29.0,10.0,0.0,1.0
39.0,183.0,-27.0,19.0,10.0,0.0,1.0
35.0,179.0,-18.0,28.0,-9.0,1.0,1.0
31.0,175.0,-9.0,37.0,-8.0,0.0,1.0
27.0,171.0,-1.0,45.0,-7.0,0.0,1.0
23.0,167.0,6.0,52.0,-6.0,0.0,1.0
19.0,163.0,12.0,58.0,-5.0,0.0,1.0
15.0,159.0,17.0,63.0,-4.0,0.0,1.0
11.0,155.0,21.0,67.0,-3.0,0.0,1.0
7.0,151.0,24.0,70.0,-2.0,0.0,1.0
3.0,147.0,26.0,72.0,-1.0,0.0,1.0
143.0,0.0,73.0,0.0,0.0,0.0,1.0
139.0,0.0,73.0,0.0,1.0,0.0,1.0
135.0,287.0,72.0,-10.0,2.0,0.0,1.0
131.0,283.0,70.0,-12.0,3.0,0.0,1.0
127.0,279.0,67.0,-15.0,4.0,0.0,1.0
123.0,275.0,63.0,-19.0,5.0,0.0,1.0
119.0,271.0,58.0,-24.0,6.0,0.0,1.0
115.0,267.0,52.0,-30.0,7.0,0.0,1.0
111.0,263.0,45.0,-37.0,8.0,0.0,1.0
107.0,259.0,37.0,-45.0,9.0,0.0,1.0
103.0,255.0,28.0,-54.0,10.0,0.0,1.0
99.0,251.0,18.0,-64.0,10.0,0.0,1.0
95.0,247.0,8.0,-74.0,10.0,0.0,1.0
91.0,243.0,-2.0,-84.0,10.0,0.0,1.0
87.0,239.0,-12.0,-94.0,10.0,0.0,1.0
83.0,235.0,-22.0,-104.0,10.0,0.0,1.0
79.0,231.0,-32.0,-114.0,10.0,0.0,1.0
75.0,227.0,-23.0,-105.0,-9.0,1.0,1.0
71.0,223.0,-14.0,-96.0,-8.0,0.0,1.0
67.0,219.0,-6.0,-88.0,-7.0,0.0,1.0
63.0,215.0,1.0,-81.0,-6.0,0.0,1.0
59.0,211.0,7.0,-75.0,-5.0,0.0,1.0
55.0,207.0,12.0,-70.0,-4.0,0.0,1.0
51.0,203.0,16.0,-66.0,-3.0,0.0,1.0
47.0,199.0,19.0,-63.0,-2.0,0.0,1.0
43.0,195.0,21.0,-61.0,-1.0,0.0,1.0
39.0,191.0,22.0,-60.0,0.0,0.0,1.0
35.0,187.0,22.0,-60.0,1.0,0.0,1.0
31.0,183.0,21.0,-61.0,2.0,0.0,1.0
27.0,179.0,19.0,-63.0,3.0,0.0,1.0
23.0,175.0,16.0,-66.0,4.0,0.0,1.0
19.0,171.0,12.0,-70.0,5.0,0.0,1.0
15.0,167.0,7.0,-75.0,6.0,0.0,1.0
11.0,163.0,1.0,-81.0,7.0,0.0,1.0
7.0,159.0,-6.0,-88.0,8.0,0.0,1.0
3.0,155.0,-14.0,-96.0,9.0,0.0,1.0
151.0,0.0,-105.0,0.0,10.0,0.0,1.0
147.0,0.0,-96.0,0.0,-9.0,1.0,1.0
143.0,287.0,-87.0,-64.0,-9.0,1.0,1.0
139.0,283.0,-78.0,-55.0,-9.0,1.0,1.0
135.0,279.0,-69.0,-46.0,-9.0,1.0,1.0
131.0,275.0,-60.0,-37.0,-9.0,1.0,1.0
127.0,271.0,-51.0,-28.0,-9.0,1.0,1.0
123.0,267.0,-42.0,-19.0,-9.0,1.0,1.0
119.0,263.0,-33.0,-10.0,-9.0,1.0,1.0
115.0,259.0,-24.0,-1.0,-9.0,1.0,1.0
111.0,255.0,-15.0,8.0,-8.0,0.0,1.0
107.0,251.0,-7.0,16.0,-7.0,0.0,1.0
103.0,247.0,0.0,23.0,-6.0,0.0,1.0
99.0,243.0,6.0,29.0,-5.0,0.0,1.0
95.0,239.0,11.0,34.0,-4.0,0.0,1.0
91.0,235.0,15.0,38.0,-3.0,0.0,1.0
87.0,231.0,18.0,41.0,-2.0,0.0,1.0
83.0,227.0,20.0,43.0,-1.0,0.0,1.0
79.0,223.0,21.0,44.0,0.0,0.0,1.0
75.0,219.0,21.0,44.0,1.0,0.0,1.0
71.0,215.0,20.0,43.0,2.0,0.0,1.0
67.0,211.0,18.0,41.0,3.0,0.0,1.0
63.0,207.0,15.0,38.0,4.0,0.0,1.0
59.0,203.0,11.0,34.0,5.0,0.0,1.0
55.0,199.0,6.0,29.0,6.0,0.0,1.0
51.0,195.0,0.0,23.0,7.0,0.0,1.0
47.0,191.0,-7.0,16.0,8.0,0.0,1.0
43.0,187.0,-15.0,8.0,9.0,0.0,1.0
39.0,183.0,-24.0,-1.0,10.0,0.0,1.0
35.0,179.0,-34.0,-11.0,10.0,0.0,1.0
31.0,175.0,-25.0,-2.0,-9.0,1.0,1.0
27.0,171.0,-16.0,7.0,-8.0,0.0,1.0
23.0,167.0,-8.0,15.0,-7.0,0.0,1.0
19.0,163.0,-1.0,22.0,-6.0,0.0,1.0
15.0,159.0,5.0,28.0,-5.0,0.0,1.0
11.0,155.0,10.0,33.0,-4.0,0.0,1.0
7.0,151.0,14.0,37.0,-3.0,0.0,1.0
3.0,147.0,17.0,40.0,-2.0,0.0,1.0
143.0,0.0,42.0,0.0,-1.0,0.0,1.0
139.0,0.0,43.0,0.0,0.0,0.0,1.0
135.0,287.0,43.0,61.0,1.0,0.0,1.0
131.0,283.0,42.0,60.0,2.0,0.0,1.0
127.0,279.0,40.0,58.0,3.0,0.0,1.0
123.0,275.0,37.0,55.0,4.0,0.0,1.0
119.0,271.0,33.0,51.0,5.0,0.0,1.0
115.0,267.0,28.0,46.0,6.0,0.0,1.0
111.0,263.0,22.0,40.0,7.0,0.0,1.0
107.0,259.0,15.0,33.0,8.0,0.0,1.0
103.0,255.0,7.0,25.0,9.0,0.0,1.0
99.0,251.0,-2.0,16.0,10.0,0.0,1.0
95.0,247.0,-12.0,6.0,10.0,0.0,1.0
91.0,243.0,-22.0,-4.0,10.0,0.0,1.0
87.0,239.0,-32.0,-14.0,10.0,0.0,1.0
83.0,235.0,-23.0,-5.0,-9.0,1.0,1.0
79.0,231.0,-14.0,4.0,-8.0,0.0,1.0
75.0,227.0,-6.0,12.0,-7.0,0.0,1.0
71.0,223.0,1.0,19.0,-6.0,0.0,1.0
67.0,219.0,7.0,25.0,-5.0,0.0,1.0
63.0,215.0,12.0,30.0,-4.0,0.0,1.0
59.0,211.0,16.0,34.0,-3.0,0.0,1.0
55.0,207.0,19.0,37.0,-2.0,0.0,1.0
51.0,203.0,21.0,39.0,-1.0,0.0,1.0
47.0,199.0,22.0,40.0,0.0,0.0,1.0
43.0,195.0,22.0,40.0,1.0,0.0,1.0
39.0,191.0,21.0,39.0,2.0,0.0,1.0
35.0,187.0,19.0,37.0,3.0,0.0,1.0
31.0,183.0,16.0,34.0,4.0,0.0,1.0
27.0,179.0,12.0,30.0,5.0,0.0,1.0
23.0,175.0,7.0,25.0,6.0,0.0,1.0
19.0,171.0,1.0,19.0,7.0,0.0,1.0
15.0,167.0,-6.0,12.0,8.0,0.0,1.0
11.0,163.0,-14.0,4.0,9.0,0.0,1.0
7.0,159.0,-23.0,-5.0,10.0,0.0,1.0
3.0,155.0,-33.0,-15.0,10.0,0.0,1.0
151.0,0.0,-6.0,0.0,-9.0,1.0,1.0
147.0,0.0,3.0,0.0,-8.0,0.0,1.0
143.0,287.0,11.0,21.0,-7.0,0.0,1.0
139.0,283.0,18.0,28.0,-6.0,0.0,1.0
135.0,279.0,24.0,34.0,-5.0,0.0,1.0
131.0,275.0,29.0,39.0,-4.0,0.0,1.0
127.0,271.0,33.0,43.0,-3.0,0.0,1.0
123.0,267.0,36.0,46.0,-2.0,0.0,1.0
119.0,263.0,38.0,48.0,-1.0,0.0,1.0
115.0,259.0,39.0,49.0,0.0,0.0,1.0
111.0,255.0,39.0,49.0,1.0,0.0,1.0
107.0,251.0,38.0,48.0,2.0,0.0,1.0
103.0,247.0,36.0,46.0,3.0,0.0,1.0
99.0,243.0,33.0,43.0,4.0,0.0,1.0
95.0,239.0,29.0,39.0,5.0,0.0,1.0
91.0,235.0,24.0,34.0,6.0,0.0,1.0
87.0,231.0,18.0,28.0,7.0,0.0,1.0
83.0,227.0,11.0,21.0,8.0,0.0,1.0
79.0,223.0,3.0,13.0,9.0,0.0,1.0
75.0,219.0,-6.0,4.0,10.0,0.0,1.0
71.0,215.0,-16.0,-6.0,10.0,0.0,1.0
67.0,211.0,-26.0,-16.0,10.0,0.0,1.0
63.0,207.0,-17.0,-7.0,-9.0,1.0,1.0
59.0,203.0,-8.0,2.0,-8.0,0.0,1.0
55.0,199.0,0.0,10.0,-7.0,0.0,1.0
51.0,195.0,7.0,17.0,-6.0,0.0,1.0
47.0,191.0,13.0,23.0,-5.0,0.0,1.0
43.0,187.0,18.0,28.0,-4.0,0.0,1.0
39.0,183.0,22.0,32.0,-3.0,0.0,1.0
35.0,179.0,25.0,35.0,-2.0,0.0,1.0
31.0,175.0,27.0,37.0,-1.0,0.0,1.0
27.0,171.0,28.0,38.0,0.0,0.0,1.0
23.0,167.0,28.0,38.0,1.0,0.0,1.0
19.0,163.0,27.0,37.0,2.0,0.0,1.0
15.0,159.0,25.0,35.0,3.0,0.0,1.0
11.0,155.0,22.0,32.0,4.0,0.0,1.0
7.0,151.0,18.0,28.0,5.0,0.0,1.0
3.0,147.0,13.0,23.0,6.0,0.0,1.0
143.0,0.0,17.0,0.0,7.0,0.0,1.0
139.0,0.0,10.0,0.0,8.0,0.0,1.0
135.0,287.0,2.0,-13.0,9.0,0.0,1.0
131.0,283.0,-7.0,-22.0,10.0,0.0,1.0
127.0,279.0,-17.0,-32.0,10.0,0.0,1.0
123.0,275.0,-27.0,-42.0,10.0,0.0,1.0
119.0,271.0,-18.0,-33.0,-9.0,1.0,1.0
115.0,267.0,-9.0,-24.0,-8.0,0.0,1.0
111.0,263.0,-1.0,-16.0,-7.0,0.0,1.0
107.0,259.0,6.0,-9.0,-6.0,0.0,1.0
103.0,255.0,12.0,-3.0,-5.0,0.0,1.0
99.0,251.0,17.0,2.0,-4.0,0.0,1.0
95.0,247.0,21.0,6.0,-3.0,0.0,1.0
91.0,243.0,24.0,9.0,-2.0,0.0,1.0
87.0,239.0,26.0,11.0,-1.0,0.0,1.0
83.0,235.0,27.0,12.0,0.0,0.0,1.0
79.0,231.0,27.0,12.0,1.0,0.0,1.0
75.0,227.0,26.0,11.0,2.0,0.0,1.0
71.0,223.0,24.0,9.0,3.0,0.0,1.0
67.0,219.0,21.0,6.0,4.0,0.0,1.0
63.0,215.0,17.0,2.0,5.0,0.0,1.0
59.0,211.0,12.0,-3.0,6.0,0.0,1.0
55.0,207.0,6.0,-9.0,7.0,0.0,1.0
51.0,203.0,-1.0,-16.0,8.0,0.0,1.0
47.0,199.0,-9.0,-24.0,9.0,0.0,1.0
43.0,195.0,-18.0,-33.0,10.0,0.0,1.0
39.0,191.0,-28.0,-43.0,10.0,0.0,1.0
35.0,187.0,-19.0,-34.0,-9.0,1.0,1.0
31.0,183.0,-10.0,-25.0,-8.0,0.0,1.0
27.0,179.0,-2.0,-17.0,-7.0,0.0,1.0
23.0,175.0,5.0,-10.0,-6.0,0.0,1.0
19.0,171.0,11.0,-4.0,-5.0,0.0,1.0
15.0,167.0,16.0,1.0,-4.0,0.0,1.0
11.0,163.0,20.0,5.0,-3.0,0.0,1.0
7.0,159.0,23.0,8.0,-2.0,0.0,1.0
3.0,155.0,25.0,10.0,-1.0,0.0,1.0
151.0,0.0,11.0,0.0,0.0,0.0,1.0
147.0,0.0,11.0,0.0,1.0,0.0,1.0
143.0,287.0,10.0,94.0,2.0,0.0,1.0
139.0,283.0,8.0,92.0,3.0,0.0,1.0
135.0,279.0,5.0,89.0,4.0,0.0,1.0
131.0,275.0,1.0,85.0,5.0,0.0,1.0
127.0,271.0,-4.0,80.0,6.0,0.0,1.0
123.0,267.0,-10.0,74.0,7.0,0.0,1.0
119.0,263.0,-17.0,67.0,8.0,0.0,1.0
115.0,259.0,-25.0,59.0,9.0,0.0,1.0
111.0,255.0,-34.0,50.0,10.0,0.0,1.0
107.0,251.0,-25.0,59.0,-9.0,1.0,1.0
103.0,247.0,-16.0,68.0,-8.0,0.0,1.0
99.0,243.0,-8.0,76.0,-7.0,0.0,1.0
95.0,239.0,-1.0,83.0,-6.0,0.0,1.0
91.0,235.0,5.0,89.0,-5.0,0.0,1.0
87.0,231.0,10.0,94.0,-4.0,0.0,1.0
83.0,227.0,14.0,98.0,-3.0,0.0,1.0
79.0,223.0,17.0,101.0,-2.0,0.0,1.0
75.0,219.0,19.0,103.0,-1.0,0.0,1.0
71.0,215.0,20.0,104.0,0.0,0.0,1.0
67.0,211.0,20.0,104.0,1.0,0.0,1.0
63.0,207.0,19.0,103.0,2.0,0.0,1.0
59.0,203.0,17.0,101.0,3.0,0.0,1.0
55.0,199.0,14.0,98.0,4.0,0.0,1.0
51.0,195.0,10.0,94.0,5.0,0.0,1.0
47.0,191.0,5.0,89.0,6.0,0.0,1.0
43.0,187.0,-1.0,83.0,7.0,0.0,1.0
39.0,183.0,-8.0,76.0,8.0,0.0,1.0
35.0,179.0,-16.0,68.0,9.0,0.0,1.0
31.0,175.0,-25.0,59.0,10.0,0.0,1.0
27.0,171.0,-35.0,49.0,10.0,0.0,1.0
23.0,167.0,-26.0,58.0,-9.0,1.0,1.0
19.0,163.0,-17.0,67.0,-9.0,1.0,1.0
15.0,159.0,-8.0,76.0,-8.0,0.0,1.0
11.0,155.0,0.0,84.0,-7.0,0.0,1.0
7.0,151.0,7.0,91.0,-6.0,0.0,1.0
3.0,147.0,13.0,97.0,-5.0,0.0,1.0
143.0,0.0,102.0,0.0,-4.0,0.0,1.0
139.0,0.0,106.0,0.0,-3.0,0.0,1.0
135.0,287.0,109.0,84.0,-2.0,0.0,1.0
131.0,283.0,111.0,86.0,-1.0,0.0,1.0
127.0,279.0,112.0,87.0,0.0,0.0,1.0
123.0,275.0,112.0,87.0,1.0,0.0,1.0
119.0,271.0,111.0,86.0,2.0,0.0,1.0
115.0,267.0,109.0,84.0,3.0,0.0,1.0
111.0,263.0,106.0,81.0,4.0,0.0,1.0
107.0,259.0,102.0,77.0,5.0,0.0,1.0
103.0,255.0,97.0,72.0,6.0,0.0,1.0
99.0,251.0,91.0,66.0,7.0,0.0,1.0
95.0,247.0,84.0,59.0,8.0,0.0,1.0
91.0,243.0,76.0,51.0,9.0,0.0,1.0
87.0,239.0,67.0,42.0,10.0,0.0,1.0
83.0,235.0,57.0,32.0,10.0,0.0,1.0
79.0,231.0,47.0,22.0,10.0,0.0,1.0
79.0,231.0,47.0,22.0,10.0,0.0,0.0
