473.0,617.0,-33.0,-98.0,-9.0,1.0,1.0
469.0,613.0,-24.0,-89.0,-9.0,1.0,1.0
465.0,609.0,-15.0,-80.0,-8.0,0.0,1.0
461.0,605.0,-7.0,-72.0,-7.0,0.0,1.0
457.0,601.0,0.0,-65.0,-6.0,0.0,1.0
453.0,597.0,6.0,-59.0,-5.0,0.0,1.0
449.0,593.0,11.0,-54.0,-4.0,0.0,1.0
445.0,589.0,15.0,-50.0,-3.0,0.0,1.0
441.0,585.0,18.0,-47.0,-2.0,0.0,1.0
437.0,581.0,20.0,-45.0,-1.0,0.0,1.0
433.0,577.0,21.0,-44.0,0.0,0.0,1.0
429.0,573.0,21.0,-44.0,1.0,0.0,1.0
425.0,569.0,20.0,-45.0,2.0,0.0,1.0
421.0,565.0,18.0,-47.0,3.0,0.0,1.0
417.0,561.0,15.0,-50.0,4.0,0.0,1.0
413.0,557.0,11.0,-54.0,5.0,0.0,1.0
409.0,553.0,6.0,-59.0,6.0,0.0,1.0
405.0,549.0,0.0,-65.0,7.0,0.0,1.0
401.0,545.0,-7.0,-72.0,8.0,0.0,1.0
397.0,541.0,-15.0,-80.0,9.0,0.0,1.0
393.0,537.0,-24.0,-89.0,10.0,0.0,1.0
389.0,533.0,-34.0,-99.0,10.0,0.0,1.0
385.0,529.0,-25.0,-90.0,-9.0,1.0,1.0
381.0,525.0,-16.0,-81.0,-8.0,0.0,1.0
377.0,521.0,-8.0,-73.0,-7.0,0.0,1.0
373.0,517.0,-1.0,-66.0,-6.0,0.0,1.0
369.0,513.0,5.0,-60.0,-5.0,0.0,1.0
365.0,509.0,10.0,-55.0,-4.0,0.0,1.0
361.0,505.0,14.0,-51.0,-3.0,0.0,1.0
357.0,501.0,17.0,-48.0,-2.0,0.0,1.0
353.0,497.0,19.0,-46.0,-1.0,0.0,1.0
349.0,493.0,20.0,-45.0,0.0,0.0,1.0
345.0,489.0,20.0,-45.0,1.0,0.0,1.0
341.0,485.0,19.0,-46.0,2.0,0.0,1.0
337.0,481.0,17.0,-48.0,3.0,0.0,1.0
333.0,477.0,14.0,-51.0,4.0,0.0,1.0
329.0,473.0,10.0,-55.0,5.0,0.0,1.0
325.0,469.0,5.0,-60.0,6.0,0.0,1.0
321.0,465.0,-1.0,-66.0,7.0,0.0,1.0
317.0,461.0,-8.0,-73.0,8.0,0.0,1.0
313.0,457.0,-16.0,-81.0,9.0,0.0,1.0
309.0,453.0,-25.0,-90.0,10.0,0.0,1.0
305.0,449.0,-35.0,-100.0,10.0,0.0,1.0
301.0,445.0,-26.0,-91.0,-9.0,1.0,1.0
297.0,441.0,-17.0,-82.0,-9.0,1.0,1.0
293.0,437.0,-8.0,-73.0,-8.0,0.0,1.0
289.0,433.0,0.0,-65.0,-7.0,0.0,1.0
285.0,429.0,7.0,-58.0,-6.0,0.0,1.0
281.0,425.0,13.0,-52.0,-5.0,0.0,1.0
277.0,421.0,18.0,-47.0,-4.0,0.0,1.0
273.0,417.0,22.0,-43.0,-3.0,0.0,1.0
269.0,413.0,25.0,-40.0,-2.0,0.0,1.0
265.0,409.0,27.0,-38.0,-1.0,0.0,1.0
261.0,405.0,28.0,-37.0,0.0,0.0,1.0
257.0,401.0,28.0,-37.0,1.0,0.0,1.0
253.0,397.0,27.0,-38.0,2.0,0.0,1.0
249.0,393.0,25.0,-40.0,3.0,0.0,1.0
245.0,389.0,22.0,-43.0,4.0,0.0,1.0
241.0,385.0,18.0,-47.0,5.0,0.0,1.0
237.0,381.0,13.0,-52.0,6.0,0.0,1.0
233.0,377.0,7.0,-58.0,7.0,0.0,1.0
229.0,373.0,0.0,-65.0,8.0,0.0,1.0
225.0,369.0,-8.0,-73.0,9.0,0.0,1.0
221.0,365.0,-17.0,-82.0,10.0,0.0,1.0
217.0,361.0,-27.0,-92.0,10.0,0.0,1.0
213.0,357.0,-18.0,-83.0,-9.0,1.0,1.0
209.0,353.0,-9.0,-74.0,-8.0,0.0,1.0
205.0,349.0,-1.0,-66.0,-7.0,0.0,1.0
201.0,345.0,6.0,-59.0,-6.0,0.0,1.0
197.0,341.0,12.0,-53.0,-5.0,0.0,1.0
193.0,337.0,17.0,-48.0,-4.0,0.0,1.0
189.0,333.0,21.0,-44.0,-3.0,0.0,1.0
185.0,329.0,24.0,-41.0,-2.0,0.0,1.0
181.0,325.0,26.0,-39.0,-1.0,0.0,1.0
177.0,321.0,27.0,-38.0,0.0,0.0,1.0
173.0,317.0,27.0,-38.0,1.0,0.0,1.0
169.0,313.0,26.0,-39.0,2.0,0.0,1.0
165.0,309.0,24.0,-41.0,3.0,0.0,1.0
161.0,305.0,21.0,-44.0,4.0,0.0,1.0
157.0,301.0,17.0,-48.0,5.0,0.0,1.0
153.0,297.0,12.0,-53.0,6.0,0.0,1.0
149.0,293.0,6.0,-59.0,7.0,0.0,1.0
145.0,289.0,-1.0,-66.0,8.0,0.0,1.0
141.0,285.0,-9.0,-74.0,9.0,0.0,1.0
137.0,281.0,-18.0,-83.0,10.0,0.0,1.0
133.0,277.0,-28.0,-93.0,10.0,0.0,1.0
129.0,273.0,-19.0,-84.0,-9.0,1.0,1.0
125.0,269.0,-10.0,-75.0,-8.0,0.0,1.0
121.0,265.0,-2.0,-67.0,-7.0,0.0,1.0
117.0,261.0,5.0,-60.0,-6.0,0.0,1.0
113.0,257.0,11.0,-54.0,-5.0,0.0,1.0
109.0,253.0,16.0,-49.0,-4.0,0.0,1.0
105.0,249.0,20.0,-45.0,-3.0,0.0,1.0
101.0,245.0,23.0,-42.0,-2.0,0.0,1.0
97.0,241.0,25.0,-40.0,-1.0,0.0,1.0
93.0,237.0,26.0,-39.0,0.0,0.0,1.0
89.0,233.0,26.0,-39.0,1.0,0.0,1.0
85.0,229.0,25.0,-40.0,2.0,0.0,1.0
81.0,225.0,23.0,-42.0,3.0,0.0,1.0
77.0,221.0,20.0,-45.0,4.0,0.0,1.0
73.0,217.0,16.0,-49.0,5.0,0.0,1.0
69.0,213.0,11.0,-54.0,6.0,0.0,1.0
65.0,209.0,5.0,-60.0,7.0,0.0,1.0
61.0,205.0,-2.0,-67.0,8.0,0.0,1.0
57.0,201.0,-10.0,-75.0,9.0,0.0,1.0
53.0,197.0,-19.0,-84.0,10.0,0.0,1.0
49.0,193.0,-29.0,-94.0,10.0,0.0,1.0
45.0,189.0,-20.0,-85.0,-9.0,1.0,1.0
41.0,185.0,-11.0,-76.0,-8.0,0.0,1.0
37.0,181.0,-3.0,-68.0,-7.0,0.0,1.0
33.0,177.0,4.0,-61.0,-6.0,0.0,1.0
29.0,173.0,10.0,-55.0,-5.0,0.0,1.0
25.0,169.0,15.0,-50.0,-4.0,0.0,1.0
21.0,165.0,19.0,-46.0,-3.0,0.0,1.0
17.0,161.0,22.0,-43.0,-2.0,0.0,1.0
13.0,157.0,24.0,-41.0,-1.0,0.0,1.0
9.0,153.0,25.0,-40.0,0.0,0.0,1.0
5.0,149.0,25.0,-40.0,1.0,0.0,1.0
1.0,145.0,24.0,-41.0,2.0,0.0,1.0
141.0,0.0,-43.0,0.0,3.0,0.0,1.0
137.0,287.0,-34.0,-51.0,-9.0,1.0,1.0
133.0,283.0,-25.0,-42.0,-9.0,1.0,1.0
129.0,279.0,-16.0,-33.0,-8.0,0.0,1.0
125.0,275.0,-8.0,-25.0,-7.0,0.0,1.0
121.0,271.0,-1.0,-18.0,-6.0,0.0,1.0
117.0,267.0,5.0,-12.0,-5.0,0.0,1.0
113.0,263.0,10.0,-7.0,-4.0,0.0,1.0
109.0,259.0,14.0,-3.0,-3.0,0.0,1.0
105.0,255.0,17.0,0.0,-2.0,0.0,1.0
101.0,251.0,19.0,2.0,-1.0,0.0,1.0
97.0,247.0,20.0,3.0,0.0,0.0,1.0
93.0,243.0,20.0,3.0,1.0,0.0,1.0
89.0,239.0,19.0,2.0,2.0,0.0,1.0
85.0,235.0,17.0,0.0,3.0,0.0,1.0
81.0,231.0,14.0,-3.0,4.0,0.0,1.0
77.0,227.0,10.0,-7.0,5.0,0.0,1.0
73.0,223.0,5.0,-12.0,6.0,0.0,1.0
69.0,219.0,-1.0,-18.0,7.0,0.0,1.0
65.0,215.0,-8.0,-25.0,8.0,0.0,1.0
61.0,211.0,-16.0,-33.0,9.0,0.0,1.0
57.0,207.0,-25.0,-42.0,10.0,0.0,1.0
53.0,203.0,-35.0,-52.0,10.0,0.0,1.0
49.0,199.0,-26.0,-43.0,-9.0,1.0,1.0
45.0,195.0,-17.0,-34.0,-9.0,1.0,1.0
41.0,191.0,-8.0,-25.0,-8.0,0.0,1.0
37.0,187.0,0.0,-17.0,-7.0,0.0,1.0
33.0,183.0,7.0,-10.0,-6.0,0.0,1.0
29.0,179.0,13.0,-4.0,-5.0,0.0,1.0
25.0,175.0,18.0,1.0,-4.0,0.0,1.0
21.0,171.0,22.0,5.0,-3.0,0.0,1.0
17.0,167.0,25.0,8.0,-2.0,0.0,1.0
13.0,163.0,27.0,10.0,-1.0,0.0,1.0
9.0,159.0,28.0,11.0,0.0,0.0,1.0
5.0,155.0,28.0,11.0,1.0,0.0,1.0
1.0,151.0,27.0,10.0,2.0,0.0,1.0
147.0,0.0,8.0,0.0,3.0,0.0,1.0
143.0,287.0,5.0,86.0,4.0,0.0,1.0
139.0,283.0,1.0,82.0,5.0,0.0,1.0
135.0,279.0,-4.0,77.0,6.0,0.0,1.0
131.0,275.0,-10.0,71.0,7.0,0.0,1.0
127.0,271.0,-17.0,64.0,8.0,0.0,1.0
123.0,267.0,-25.0,56.0,9.0,0.0,1.0
119.0,263.0,-34.0,47.0,10.0,0.0,1.0
115.0,259.0,-25.0,56.0,-9.0,1.0,1.0
111.0,255.0,-16.0,65.0,-8.0,0.0,1.0
107.0,251.0,-8.0,73.0,-7.0,0.0,1.0
103.0,247.0,-1.0,80.0,-6.0,0.0,1.0
99.0,243.0,5.0,86.0,-5.0,0.0,1.0
95.0,239.0,10.0,91.0,-4.0,0.0,1.0
91.0,235.0,14.0,95.0,-3.0,0.0,1.0
87.0,231.0,17.0,98.0,-2.0,0.0,1.0
83.0,227.0,19.0,100.0,-1.0,0.0,1.0
79.0,223.0,20.0,101.0,0.0,0.0,1.0
75.0,219.0,20.0,101.0,1.0,0.0,1.0
71.0,215.0,19.0,100.0,2.0,0.0,1.0
67.0,211.0,17.0,98.0,3.0,0.0,1.0
63.0,207.0,14.0,95.0,4.0,0.0,1.0
59.0,203.0,10.0,91.0,5.0,0.0,1.0
55.0,199.0,5.0,86.0,6.0,0.0,1.0
51.0,195.0,-1.0,80.0,7.0,0.0,1.0
47.0,191.0,-8.0,73.0,8.0,0.0,1.0
43.0,187.0,-16.0,65.0,9.0,0.0,1.0
39.0,183.0,-25.0,56.0,10.0,0.0,1.0
35.0,179.0,-35.0,46.0,10.0,0.0,1.0
31.0,175.0,-26.0,55.0,-9.0,1.0,1.0
27.0,171.0,-17.0,64.0,-9.0,1.0,1.0
23.0,167.0,-8.0,73.0,-8.0,0.0,1.0
19.0,163.0,0.0,81.0,-7.0,0.0,1.0
15.0,159.0,7.0,88.0,-6.0,0.0,1.0
11.0,155.0,13.0,94.0,-5.0,0.0,1.0
7.0,151.0,18.0,99.0,-4.0,0.0,1.0
3.0,147.0,22.0,103.0,-3.0,0.0,1.0
143.0,0.0,106.0,0.0,-2.0,0.0,1.0
139.0,0.0,108.0,0.0,-1.0,0.0,1.0
135.0,287.0,109.0,32.0,0.0,0.0,1.0
131.0,283.0,109.0,32.0,1.0,0.0,1.0
127.0,279.0,108.0,31.0,2.0,0.0,1.0
123.0,275.0,106.0,29.0,3.0,0.0,1.0
119.0,271.0,103.0,26.0,4.0,0.0,1.0
115.0,267.0,99.0,22.0,5.0,0.0,1.0
111.0,263.0,94.0,17.0,6.0,0.0,1.0
107.0,259.0,88.0,11.0,7.0,0.0,1.0
103.0,255.0,81.0,4.0,8.0,0.0,1.0
99.0,251.0,73.0,-4.0,9.0,0.0,1.0
95.0,247.0,64.0,-13.0,10.0,0.0,1.0
91.0,243.0,54.0,-23.0,10.0,0.0,1.0
87.0,239.0,44.0,-33.0,10.0,0.0,1.0
83.0,235.0,34.0,-43.0,10.0,0.0,1.0
79.0,231.0,24.0,-53.0,10.0,0.0,1.0
75.0,227.0,14.0,-63.0,10.0,0.0,1.0
71.0,223.0,4.0,-73.0,10.0,0.0,1.0
67.0,219.0,-6.0,-83.0,10.0,0.0,1.0
63.0,215.0,-16.0,-93.0,10.0,0.0,1.0
59.0,211.0,-26.0,-103.0,10.0,0.0,1.0
55.0,207.0,-17.0,-94.0,-9.0,1.0,1.0
51.0,203.0,-8.0,-85.0,-8.0,0.0,1.0
47.0,199.0,0.0,-77.0,-7.0,0.0,1.0
43.0,195.0,7.0,-70.0,-6.0,0.0,1.0
39.0,191.0,13.0,-64.0,-5.0,0.0,1.0
35.0,187.0,18.0,-59.0,-4.0,0.0,1.0
31.0,183.0,22.0,-55.0,-3.0,0.0,1.0
27.0,179.0,25.0,-52.0,-2.0,0.0,1.0
23.0,175.0,27.0,-50.0,-1.0,0.0,1.0
19.0,171.0,28.0,-49.0,0.0,0.0,1.0
15.0,167.0,28.0,-49.0,1.0,0.0,1.0
11.0,163.0,27.0,-50.0,2.0,0.0,1.0
7.0,159.0,25.0,-52.0,3.0,0.0,1.0
3.0,155.0,22.0,-55.0,4.0,0.0,1.0
151.0,0.0,-59.0,0.0,5.0,0.0,1.0
147.0,0.0,-50.0,0.0,-9.0,1.0,1.0
143.0,287.0,-41.0,80.0,-9.0,1.0,1.0
139.0,283.0,-32.0,89.0,-9.0,1.0,1.0
135.0,279.0,-23.0,98.0,-9.0,1.0,1.0
131.0,275.0,-14.0,107.0,-8.0,0.0,1.0
127.0,271.0,-6.0,115.0,-7.0,0.0,1.0
123.0,267.0,1.0,122.0,-6.0,0.0,1.0
119.0,263.0,7.0,128.0,-5.0,0.0,1.0
115.0,259.0,12.0,133.0,-4.0,0.0,1.0
111.0,255.0,16.0,137.0,-3.0,0.0,1.0
107.0,251.0,19.0,140.0,-2.0,0.0,1.0
103.0,247.0,21.0,142.0,-1.0,0.0,1.0
99.0,243.0,22.0,143.0,0.0,0.0,1.0
95.0,239.0,22.0,143.0,1.0,0.0,1.0
91.0,235.0,21.0,142.0,2.0,0.0,1.0
87.0,231.0,19.0,140.0,3.0,0.0,1.0
83.0,227.0,16.0,137.0,4.0,0.0,1.0
79.0,223.0,12.0,133.0,5.0,0.0,1.0
75.0,219.0,7.0,128.0,6.0,0.0,1.0
71.0,215.0,1.0,122.0,7.0,0.0,1.0
67.0,211.0,-6.0,115.0,8.0,0.0,1.0
63.0,207.0,-14.0,107.0,9.0,0.0,1.0
59.0,203.0,-23.0,98.0,10.0,0.0,1.0
55.0,199.0,-33.0,88.0,10.0,0.0,1.0
51.0,195.0,-24.0,97.0,-9.0,1.0,1.0
47.0,191.0,-15.0,106.0,-8.0,0.0,1.0
43.0,187.0,-7.0,114.0,-7.0,0.0,1.0
39.0,183.0,0.0,121.0,-6.0,0.0,1.0
35.0,179.0,6.0,127.0,-5.0,0.0,1.0
31.0,175.0,11.0,132.0,-4.0,0.0,1.0
27.0,171.0,15.0,136.0,-3.0,0.0,1.0
23.0,167.0,18.0,139.0,-2.0,0.0,1.0
19.0,163.0,20.0,141.0,-1.0,0.0,1.0
15.0,159.0,21.0,142.0,0.0,0.0,1.0
11.0,155.0,21.0,142.0,1.0,0.0,1.0
7.0,151.0,20.0,141.0,2.0,0.0,1.0
3.0,147.0,18.0,139.0,3.0,0.0,1.0
143.0,0.0,136.0,0.0,4.0,0.0,1.0
139.0,0.0,132.0,0.0,5.0,0.0,1.0
135.0,287.0,127.0,117.0,6.0,0.0,1.0
131.0,283.0,121.0,111.0,7.0,0.0,1.0
127.0,279.0,114.0,104.0,8.0,0.0,1.0
123.0,275.0,106.0,96.0,9.0,0.0,1.0
119.0,271.0,97.0,87.0,10.0,0.0,1.0
115.0,267.0,87.0,77.0,10.0,0.0,1.0
111.0,263.0,77.0,67.0,10.0,0.0,1.0
107.0,259.0,67.0,57.0,10.0,0.0,1.0
103.0,255.0,57.0,47.0,10.0,0.0,1.0
99.0,251.0,47.0,37.0,10.0,0.0,1.0
95.0,247.0,37.0,27.0,10.0,0.0,1.0
91.0,243.0,27.0,17.0,10.0,0.0,1.0
87.0,239.0,17.0,7.0,10.0,0.0,1.0
83.0,235.0,7.0,-3.0,10.0,0.0,1.0
79.0,231.0,-3.0,-13.0,10.0,0.0,1.0
75.0,227.0,-13.0,-23.0,10.0,0.0,1.0
71.0,223.0,-23.0,-33.0,10.0,0.0,1.0
67.0,219.0,-33.0,-43.0,10.0,0.0,1.0
63.0,215.0,-24.0,-34.0,-9.0,1.0,1.0
59.0,211.0,-15.0,-25.0,-8.0,0.0,1.0
55.0,207.0,-7.0,-17.0,-7.0,0.0,1.0
51.0,203.0,0.0,-10.0,-6.0,0.0,1.0
47.0,199.0,6.0,-4.0,-5.0,0.0,1.0
43.0,195.0,11.0,1.0,-4.0,0.0,1.0
39.0,191.0,15.0,5.0,-3.0,0.0,1.0
35.0,187.0,18.0,8.0,-2.0,0.0,1.0
31.0,183.0,20.0,10.0,-1.0,0.0,1.0
27.0,179.0,21.0,11.0,0.0,0.0,1.0
23.0,175.0,21.0,11.0,1.0,0.0,1.0
19.0,171.0,20.0,10.0,2.0,0.0,1.0
15.0,167.0,18.0,8.0,3.0,0.0,1.0
11.0,163.0,15.0,5.0,4.0,0.0,1.0
7.0,159.0,11.0,1.0,5.0,0.0,1.0
3.0,155.0,6.0,-4.0,6.0,0.0,1.0
151.0,0.0,-10.0,0.0,7.0,0.0,1.0
147.0,0.0,-17.0,0.0,8.0,0.0,1.0
143.0,287.0,-25.0,-42.0,9.0,0.0,1.0
139.0,283.0,-34.0,-51.0,10.0,0.0,1.0
135.0,279.0,-25.0,-42.0,-9.0,1.0,1.0
131.0,275.0,-16.0,-33.0,-8.0,0.0,1.0
127.0,271.0,-8.0,-25.0,-7.0,0.0,1.0
123.0,267.0,-1.0,-18.0,-6.0,0.0,1.0
119.0,263.0,5.0,-12.0,-5.0,0.0,1.0
115.0,259.0,10.0,-7.0,-4.0,0.0,1.0
111.0,255.0,14.0,-3.0,-3.0,0.0,1.0
107.0,251.0,17.0,0.0,-2.0,0.0,1.0
103.0,247.0,19.0,2.0,-1.0,0.0,1.0
99.0,243.0,20.0,3.0,0.0,0.0,1.0
95.0,239.0,20.0,3.0,1.0,0.0,1.0
91.0,235.0,19.0,2.0,2.0,0.0,1.0
87.0,231.0,17.0,0.0,3.0,0.0,1.0
83.0,227.0,14.0,-3.0,4.0,0.0,1.0
79.0,223.0,10.0,-7.0,5.0,0.0,1.0
75.0,219.0,5.0,-12.0,6.0,0.0,1.0
71.0,215.0,-1.0,-18.0,7.0,0.0,1.0
67.0,211.0,-8.0,-25.0,8.0,0.0,1.0
63.0,207.0,-16.0,-33.0,9.0,0.0,1.0
59.0,203.0,-25.0,-42.0,10.0,0.0,1.0
55.0,199.0,-35.0,-52.0,10.0,0.0,1.0
51.0,195.0,-26.0,-43.0,-9.0,1.0,1.0
47.0,191.0,-17.0,-34.0,-9.0,1.0,1.0
43.0,187.0,-8.0,-25.0,-8.0,0.0,1.0
39.0,183.0,0.0,-17.0,-7.0,0.0,1.0
35.0,179.0,7.0,-10.0,-6.0,0.0,1.0
31.0,175.0,13.0,-4.0,-5.0,0.0,1.0
27.0,171.0,18.0,1.0,-4.0,0.0,1.0
23.0,167.0,22.0,5.0,-3.0,0.0,1.0
19.0,163.0,25.0,8.0,-2.0,0.0,1.0
15.0,159.0,27.0,10.0,-1.0,0.0,1.0
11.0,155.0,28.0,11.0,0.0,0.0,1.0
7.0,151.0,28.0,11.0,1.0,0.0,1.0
3.0,147.0,27.0,10.0,2.0,0.0,1.0
143.0,0.0,8.0,0.0,3.0,0.0,1.0
139.0,0.0,5.0,0.0,4.0,0.0,1.0
135.0,287.0,1.0,-97.0,5.0,0.0,1.0
131.0,283.0,-4.0,-102.0,6.0,0.0,1.0
127.0,279.0,-10.0,-108.0,7.0,0.0,1.0
123.0,275.0,-17.0,-115.0,8.0,0.0,1.0
119.0,271.0,-25.0,-123.0,9.0,0.0,1.0
115.0,267.0,-34.0,-132.0,10.0,0.0,1.0
111.0,263.0,-25.0,-123.0,-9.0,1.0,1.0
107.0,259.0,-16.0,-114.0,-8.0,0.0,1.0
103.0,255.0,-8.0,-106.0,-7.0,0.0,1.0
99.0,251.0,-1.0,-99.0,-6.0,0.0,1.0
95.0,247.0,5.0,-93.0,-5.0,0.0,1.0
91.0,243.0,10.0,-88.0,-4.0,0.0,1.0
87.0,239.0,14.0,-84.0,-3.0,0.0,1.0
83.0,235.0,17.0,-81.0,-2.0,0.0,1.0
79.0,231.0,19.0,-79.0,-1.0,0.0,1.0
75.0,227.0,20.0,-78.0,0.0,0.0,1.0
71.0,223.0,20.0,-78.0,1.0,0.0,1.0
67.0,219.0,19.0,-79.0,2.0,0.0,1.0
63.0,215.0,17.0,-81.0,3.0,0.0,1.0
59.0,211.0,14.0,-84.0,4.0,0.0,1.0
55.0,207.0,10.0,-88.0,5.0,0.0,1.0
51.0,203.0,5.0,-93.0,6.0,0.0,1.0
47.0,199.0,-1.0,-99.0,7.0,0.0,1.0
43.0,195.0,-8.0,-106.0,8.0,0.0,1.0
39.0,191.0,-16.0,-114.0,9.0,0.0,1.0
35.0,187.0,-25.0,-123.0,10.0,0.0,1.0
31.0,183.0,-35.0,-133.0,10.0,0.0,1.0
27.0,179.0,-26.0,-124.0,-9.0,1.0,1.0
23.0,175.0,-17.0,-115.0,-9.0,1.0,1.0
19.0,171.0,-8.0,-106.0,-8.0,0.0,1.0
15.0,167.0,0.0,-98.0,-7.0,0.0,1.0
11.0,163.0,7.0,-91.0,-6.0,0.0,1.0
7.0,159.0,13.0,-85.0,-5.0,0.0,1.0
3.0,155.0,18.0,-80.0,-4.0,0.0,1.0
151.0,0.0,-76.0,0.0,-3.0,0.0,1.0
147.0,0.0,-67.0,0.0,-9.0,1.0,1.0
143.0,287.0,-58.0,64.0,-9.0,1.0,1.0
139.0,283.0,-49.0,73.0,-9.0,1.0,1.0
135.0,279.0,-40.0,82.0,-9.0,1.0,1.0
131.0,275.0,-31.0,91.0,-9.0,1.0,1.0
127.0,271.0,-22.0,100.0,-9.0,1.0,1.0
123.0,267.0,-13.0,109.0,-8.0,0.0,1.0
119.0,263.0,-5.0,117.0,-7.0,0.0,1.0
115.0,259.0,2.0,124.0,-6.0,0.0,1.0
111.0,255.0,8.0,130.0,-5.0,0.0,1.0
107.0,251.0,13.0,135.0,-4.0,0.0,1.0
103.0,247.0,17.0,139.0,-3.0,0.0,1.0
99.0,243.0,20.0,142.0,-2.0,0.0,1.0
95.0,239.0,22.0,144.0,-1.0,0.0,1.0
91.0,235.0,23.0,145.0,0.0,0.0,1.0
87.0,231.0,23.0,145.0,1.0,0.0,1.0
83.0,227.0,22.0,144.0,2.0,0.0,1.0
79.0,223.0,20.0,142.0,3.0,0.0,1.0
75.0,219.0,17.0,139.0,4.0,0.0,1.0
71.0,215.0,13.0,135.0,5.0,0.0,1.0
67.0,211.0,8.0,130.0,6.0,0.0,1.0
63.0,207.0,2.0,124.0,7.0,0.0,1.0
59.0,203.0,-5.0,117.0,8.0,0.0,1.0
55.0,199.0,-13.0,109.0,9.0,0.0,1.0
51.0,195.0,-22.0,100.0,10.0,0.0,1.0
47.0,191.0,-32.0,90.0,10.0,0.0,1.0
43.0,187.0,-23.0,99.0,-9.0,1.0,1.0
39.0,183.0,-14.0,108.0,-8.0,0.0,1.0
35.0,179.0,-6.0,116.0,-7.0,0.0,1.0
31.0,175.0,1.0,123.0,-6.0,0.0,1.0
27.0,171.0,7.0,129.0,-5.0,0.0,1.0
23.0,167.0,12.0,134.0,-4.0,0.0,1.0
19.0,163.0,16.0,138.0,-3.0,0.0,1.0
15.0,159.0,19.0,141.0,-2.0,0.0,1.0
11.0,155.0,21.0,143.0,-1.0,0.0,1.0
7.0,151.0,22.0,144.0,0.0,0.0,1.0
3.0,147.0,22.0,144.0,1.0,0.0,1.0
143.0,0.0,143.0,0.0,2.0,0.0,1.0
139.0,0.0,141.0,0.0,3.0,0.0,1.0
135.0,287.0,138.0,153.0,4.0,0.0,1.0
131.0,283.0,134.0,149.0,5.0,0.0,1.0
127.0,279.0,129.0,144.0,6.0,0.0,1.0
123.0,275.0,123.0,138.0,7.0,0.0,1.0
119.0,271.0,116.0,131.0,8.0,0.0,1.0
115.0,267.0,108.0,123.0,9.0,0.0,1.0
111.0,263.0,99.0,114.0,10.0,0.0,1.0
107.0,259.0,89.0,104.0,10.0,0.0,1.0
103.0,255.0,79.0,94.0,10.0,0.0,1.0
99.0,251.0,69.0,84.0,10.0,0.0,1.0
95.0,247.0,59.0,74.0,10.0,0.0,1.0
91.0,243.0,49.0,64.0,10.0,0.0,1.0
87.0,239.0,39.0,54.0,10.0,0.0,1.0
83.0,235.0,29.0,44.0,10.0,0.0,1.0
79.0,231.0,19.0,34.0,10.0,0.0,1.0
75.0,227.0,9.0,24.0,10.0,0.0,1.0
71.0,223.0,-1.0,14.0,10.0,0.0,1.0
67.0,219.0,-11.0,4.0,10.0,0.0,1.0
63.0,215.0,-21.0,-6.0,10.0,0.0,1.0
59.0,211.0,-31.0,-16.0,10.0,0.0,1.0
55.0,207.0,-22.0,-7.0,-9.0,1.0,1.0
51.0,203.0,-13.0,2.0,-8.0,0.0,1.0
47.0,199.0,-5.0,10.0,-7.0,0.0,1.0
43.0,195.0,2.0,17.0,-6.0,0.0,1.0
39.0,191.0,8.0,23.0,-5.0,0.0,1.0
35.0,187.0,13.0,28.0,-4.0,0.0,1.0
31.0,183.0,17.0,32.0,-3.0,0.0,1.0
27.0,179.0,20.0,35.0,-2.0,0.0,1.0
23.0,175.0,22.0,37.0,-1.0,0.0,1.0
19.0,171.0,23.0,38.0,0.0,0.0,1.0
15.0,167.0,23.0,38.0,1.0,0.0,1.0
11.0,163.0,22.0,37.0,2.0,0.0,1.0
7.0,159.0,20.0,35.0,3.0,0.0,1.0
3.0,155.0,17.0,32.0,4.0,0.0,1.0
151.0,0.0,28.0,0.0,5.0,0.0,1.0
147.0,0.0,23.0,0.0,6.0,0.0,1.0
143.0,287.0,17.0,-67.0,7.0,0.0,1.0
139.0,283.0,10.0,-74.0,8.0,0.0,1.0
135.0,279.0,2.0,-82.0,9.0,0.0,1.0
131.0,275.0,-7.0,-91.0,10.0,0.0,1.0
127.0,271.0,-17.0,-101.0,10.0,0.0,1.0
123.0,267.0,-27.0,-111.0,10.0,0.0,1.0
119.0,263.0,-18.0,-102.0,-9.0,1.0,1.0
115.0,259.0,-9.0,-93.0,-8.0,0.0,1.0
111.0,255.0,-1.0,-85.0,-7.0,0.0,1.0
107.0,251.0,6.0,-78.0,-6.0,0.0,1.0
103.0,247.0,12.0,-72.0,-5.0,0.0,1.0
99.0,243.0,17.0,-67.0,-4.0,0.0,1.0
95.0,239.0,21.0,-63.0,-3.0,0.0,1.0
91.0,235.0,24.0,-60.0,-2.0,0.0,1.0
87.0,231.0,26.0,-58.0,-1.0,0.0,1.0
83.0,227.0,27.0,-57.0,0.0,0.0,1.0
79.0,223.0,27.0,-57.0,1.0,0.0,1.0
75.0,219.0,26.0,-58.0,2.0,0.0,1.0
71.0,215.0,24.0,-60.0,3.0,0.0,1.0
67.0,211.0,21.0,-63.0,4.0,0.0,1.0
63.0,207.0,17.0,-67.0,5.0,0.0,1.0
59.0,203.0,12.0,-72.0,6.0,0.0,1.0
55.0,199.0,6.0,-78.0,7.0,0.0,1.0
51.0,195.0,-1.0,-85.0,8.0,0.0,1.0
47.0,191.0,-9.0,-93.0,9.0,0.0,1.0
43.0,187.0,-18.0,-102.0,10.0,0.0,1.0
39.0,183.0,-28.0,-112.0,10.0,0.0,1.0
35.0,179.0,-19.0,-103.0,-9.0,1.0,1.0
31.0,175.0,-10.0,-94.0,-8.0,0.0,1.0
27.0,171.0,-2.0,-86.0,-7.0,0.0,1.0
23.0,167.0,5.0,-79.0,-6.0,0.0,1.0
19.0,163.0,11.0,-73.0,-5.0,0.0,1.0
15.0,159.0,16.0,-68.0,-4.0,0.0,1.0
11.0,155.0,20.0,-64.0,-3.0,0.0,1.0
7.0,151.0,23.0,-61.0,-2.0,0.0,1.0
3.0,147.0,25.0,-59.0,-1.0,0.0,1.0
143.0,0.0,-58.0,0.0,0.0,0.0,1.0
139.0,0.0,-49.0,0.0,-9.0,1.0,1.0
135.0,287.0,-40.0,-67.0,-9.0,1.0,1.0
131.0,283.0,-31.0,-58.0,-9.0,1.0,1.0
127.0,279.0,-22.0,-49.0,-9.0,1.0,1.0
123.0,275.0,-13.0,-40.0,-8.0,0.0,1.0
119.0,271.0,-5.0,-32.0,-7.0,0.0,1.0
115.0,267.0,2.0,-25.0,-6.0,0.0,1.0
111.0,263.0,8.0,-19.0,-5.0,0.0,1.0
107.0,259.0,13.0,-14.0,-4.0,0.0,1.0
103.0,255.0,17.0,-10.0,-3.0,0.0,1.0
99.0,251.0,20.0,-7.0,-2.0,0.0,1.0
95.0,247.0,22.0,-5.0,-1.0,0.0,1.0
91.0,243.0,23.0,-4.0,0.0,0.0,1.0
87.0,239.0,23.0,-4.0,1.0,0.0,1.0
83.0,235.0,22.0,-5.0,2.0,0.0,1.0
79.0,231.0,20.0,-7.0,3.0,0.0,1.0
75.0,227.0,17.0,-10.0,4.0,0.0,1.0
71.0,223.0,13.0,-14.0,5.0,0.0,1.0
67.0,219.0,8.0,-19.0,6.0,0.0,1.0
63.0,215.0,2.0,-25.0,7.0,0.0,1.0
59.0,211.0,-5.0,-32.0,8.0,0.0,1.0
55.0,207.0,-13.0,-40.0,9.0,0.0,1.0
51.0,203.0,-22.0,-49.0,10.0,0.0,1.0
47.0,199.0,-32.0,-59.0,10.0,0.0,1.0
43.0,195.0,-23.0,-50.0,-9.0,1.0,1.0
39.0,191.0,-14.0,-41.0,-8.0,0.0,1.0
35.0,187.0,-6.0,-33.0,-7.0,0.0,1.0
31.0,183.0,1.0,-26.0,-6.0,0.0,1.0
27.0,179.0,7.0,-20.0,-5.0,0.0,1.0
23.0,175.0,12.0,-15.0,-4.0,0.0,1.0
19.0,171.0,16.0,-11.0,-3.0,0.0,1.0
15.0,167.0,19.0,-8.0,-2.0,0.0,1.0
11.0,163.0,21.0,-6.0,-1.0,0.0,1.0
7.0,159.0,22.0,-5.0,0.0,0.0,1.0
3.0,155.0,22.0,-5.0,1.0,0.0,1.0
151.0,0.0,-6.0,0.0,2.0,0.0,1.0
147.0,0.0,-8.0,0.0,3.0,0.0,1.0
143.0,287.0,-11.0,-31.0,4.0,0.0,1.0
139.0,283.0,-15.0,-35.0,5.0,0.0,1.0
135.0,279.0,-20.0,-40.0,6.0,0.0,1.0
131.0,275.0,-26.0,-46.0,7.0,0.0,1.0
127.0,271.0,-17.0,-37.0,-9.0,1.0,1.0
123.0,267.0,-8.0,-28.0,-8.0,0.0,1.0
119.0,263.0,0.0,-20.0,-7.0,0.0,1.0
115.0,259.0,7.0,-13.0,-6.0,0.0,1.0
111.0,255.0,13.0,-7.0,-5.0,0.0,1.0
107.0,251.0,18.0,-2.0,-4.0,0.0,1.0
103.0,247.0,22.0,2.0,-3.0,0.0,1.0
99.0,243.0,25.0,5.0,-2.0,0.0,1.0
95.0,239.0,27.0,7.0,-1.0,0.0,1.0
91.0,235.0,28.0,8.0,0.0,0.0,1.0
87.0,231.0,28.0,8.0,1.0,0.0,1.0
83.0,227.0,27.0,7.0,2.0,0.0,1.0
79.0,223.0,25.0,5.0,3.0,0.0,1.0
75.0,219.0,22.0,2.0,4.0,0.0,1.0
71.0,215.0,18.0,-2.0,5.0,0.0,1.0
67.0,211.0,13.0,-7.0,6.0,0.0,1.0
63.0,207.0,7.0,-13.0,7.0,0.0,1.0
59.0,203.0,0.0,-20.0,8.0,0.0,1.0
55.0,199.0,-8.0,-28.0,9.0,0.0,1.0
51.0,195.0,-17.0,-37.0,10.0,0.0,1.0
47.0,191.0,-27.0,-47.0,10.0,0.0,1.0
43.0,187.0,-18.0,-38.0,-9.0,1.0,1.0
39.0,183.0,-9.0,-29.0,-8.0,0.0,1.0
35.0,179.0,-1.0,-21.0,-7.0,0.0,1.0
31.0,175.0,6.0,-14.0,-6.0,0.0,1.0
27.0,171.0,12.0,-8.0,-5.0,0.0,1.0
23.0,167.0,17.0,-3.0,-4.0,0.0,1.0
19.0,163.0,21.0,1.0,-3.0,0.0,1.0
15.0,159.0,24.0,4.0,-2.0,0.0,1.0
11.0,155.0,26.0,6.0,-1.0,0.0,1.0
7.0,151.0,27.0,7.0,0.0,0.0,1.0
3.0,147.0,27.0,7.0,1.0,0.0,1.0
143.0,0.0,6.0,0.0,2.0,0.0,1.0
139.0,0.0,4.0,0.0,3.0,0.0,1.0
135.0,287.0,1.0,9.0,4.0,0.0,1.0
131.0,283.0,-3.0,5.0,5.0,0.0,1.0
127.0,279.0,-8.0,0.0,6.0,0.0,1.0
123.0,275.0,-14.0,-6.0,7.0,0.0,1.0
119.0,271.0,-21.0,-13.0,8.0,0.0,1.0
115.0,267.0,-29.0,-21.0,9.0,0.0,1.0
111.0,263.0,-20.0,-12.0,-9.0,1.0,1.0
107.0,259.0,-11.0,-3.0,-8.0,0.0,1.0
103.0,255.0,-3.0,5.0,-7.0,0.0,1.0
99.0,251.0,4.0,12.0,-6.0,0.0,1.0
95.0,247.0,10.0,18.0,-5.0,0.0,1.0
91.0,243.0,15.0,23.0,-4.0,0.0,1.0
87.0,239.0,19.0,27.0,-3.0,0.0,1.0
83.0,235.0,22.0,30.0,-2.0,0.0,1.0
79.0,231.0,24.0,32.0,-1.0,0.0,1.0
75.0,227.0,25.0,33.0,0.0,0.0,1.0
71.0,223.0,25.0,33.0,1.0,0.0,1.0
67.0,219.0,24.0,32.0,2.0,0.0,1.0
63.0,215.0,22.0,30.0,3.0,0.0,1.0
59.0,211.0,19.0,27.0,4.0,0.0,1.0
55.0,207.0,15.0,23.0,5.0,0.0,1.0
51.0,203.0,10.0,18.0,6.0,0.0,1.0
47.0,199.0,4.0,12.0,7.0,0.0,1.0
43.0,195.0,-3.0,5.0,8.0,0.0,1.0
39.0,191.0,-11.0,-3.0,9.0,0.0,1.0
35.0,187.0,-20.0,-12.0,10.0,0.0,1.0
31.0,183.0,-30.0,-22.0,10.0,0.0,1.0
27.0,179.0,-21.0,-13.0,-9.0,1.0,1.0
23.0,175.0,-12.0,-4.0,-8.0,0.0,1.0
19.0,171.0,-4.0,4.0,-7.0,0.0,1.0
15.0,167.0,3.0,11.0,-6.0,0.0,1.0
11.0,163.0,9.0,17.0,-5.0,0.0,1.0
7.0,159.0,14.0,22.0,-4.0,0.0,1.0
3.0,155.0,18.0,26.0,-3.0,0.0,1.0
151.0,0.0,29.0,0.0,-2.0,0.0,1.0
147.0,0.0,31.0,0.0,-1.0,0.0,1.0
143.0,287.0,32.0,20.0,0.0,0.0,1.0
139.0,283.0,32.0,20.0,1.0,0.0,1.0
135.0,279.0,31.0,19.0,2.0,0.0,1.0
131.0,275.0,29.0,17.0,3.0,0.0,1.0
127.0,271.0,26.0,14.0,4.0,0.0,1.0
123.0,267.0,22.0,10.0,5.0,0.0,1.0
119.0,263.0,17.0,5.0,6.0,0.0,1.0
115.0,259.0,11.0,-1.0,7.0,0.0,1.0
111.0,255.0,4.0,-8.0,8.0,0.0,1.0
107.0,251.0,-4.0,-16.0,9.0,0.0,1.0
103.0,247.0,-13.0,-25.0,10.0,0.0,1.0
99.0,243.0,-23.0,-35.0,10.0,0.0,1.0
95.0,239.0,-33.0,-45.0,10.0,0.0,1.0
91.0,235.0,-24.0,-36.0,-9.0,1.0,1.0
87.0,231.0,-15.0,-27.0,-8.0,0.0,1.0
83.0,227.0,-7.0,-19.0,-7.0,0.0,1.0
79.0,223.0,0.0,-12.0,-6.0,0.0,1.0
75.0,219.0,6.0,-6.0,-5.0,0.0,1.0
71.0,215.0,11.0,-1.0,-4.0,0.0,1.0
67.0,211.0,15.0,3.0,-3.0,0.0,1.0
63.0,207.0,18.0,6.0,-2.0,0.0,1.0
59.0,203.0,20.0,8.0,-1.0,0.0,1.0
55.0,199.0,21.0,9.0,0.0,0.0,1.0
51.0,195.0,21.0,9.0,1.0,0.0,1.0
47.0,191.0,20.0,8.0,2.0,0.0,1.0
43.0,187.0,18.0,6.0,3.0,0.0,1.0
39.0,183.0,15.0,3.0,4.0,0.0,1.0
35.0,179.0,11.0,-1.0,5.0,0.0,1.0
31.0,175.0,6.0,-6.0,6.0,0.0,1.0
27.0,171.0,0.0,-12.0,7.0,0.0,1.0
23.0,167.0,-7.0,-19.0,8.0,0.0,1.0
19.0,163.0,-15.0,-27.0,9.0,0.0,1.0
15.0,159.0,-24.0,-36.0,10.0,0.0,1.0
11.0,155.0,-34.0,-46.0,10.0,0.0,1.0
7.0,151.0,-25.0,-37.0,-9.0,1.0,1.0
3.0,147.0,-16.0,-28.0,-8.0,0.0,1.0
143.0,0.0,-20.0,0.0,-7.0,0.0,1.0
139.0,0.0,-13.0,0.0,-6.0,0.0,1.0
135.0,287.0,-7.0,3.0,-5.0,0.0,1.0
131.0,283.0,-2.0,8.0,-4.0,0.0,1.0
127.0,279.0,2.0,12.0,-3.0,0.0,1.0
123.0,275.0,5.0,15.0,-2.0,0.0,1.0
119.0,271.0,7.0,17.0,-1.0,0.0,1.0
115.0,267.0,8.0,18.0,0.0,0.0,1.0
111.0,263.0,8.0,18.0,1.0,0.0,1.0
107.0,259.0,7.0,17.0,2.0,0.0,1.0
103.0,255.0,5.0,15.0,3.0,0.0,1.0
99.0,251.0,2.0,12.0,4.0,0.0,1.0
95.0,247.0,-2.0,8.0,5.0,0.0,1.0
91.0,243.0,-7.0,3.0,6.0,0.0,1.0
87.0,239.0,-13.0,-3.0,7.0,0.0,1.0
83.0,235.0,-20.0,-10.0,8.0,0.0,1.0
79.0,231.0,-28.0,-18.0,9.0,0.0,1.0
75.0,227.0,-19.0,-9.0,-9.0,1.0,1.0
71.0,223.0,-10.0,0.0,-8.0,0.0,1.0
67.0,219.0,-2.0,8.0,-7.0,0.0,1.0
63.0,215.0,5.0,15.0,-6.0,0.0,1.0
59.0,211.0,11.0,21.0,-5.0,0.0,1.0
55.0,207.0,16.0,26.0,-4.0,0.0,1.0
51.0,203.0,20.0,30.0,-3.0,0.0,1.0
47.0,199.0,23.0,33.0,-2.0,0.0,1.0
43.0,195.0,25.0,35.0,-1.0,0.0,1.0
39.0,191.0,26.0,36.0,0.0,0.0,1.0
35.0,187.0,26.0,36.0,1.0,0.0,1.0
31.0,183.0,25.0,35.0,2.0,0.0,1.0
27.0,179.0,23.0,33.0,3.0,0.0,1.0
23.0,175.0,20.0,30.0,4.0,0.0,1.0
19.0,171.0,16.0,26.0,5.0,0.0,1.0
15.0,167.0,11.0,21.0,6.0,0.0,1.0
11.0,163.0,5.0,15.0,7.0,0.0,1.0
7.0,159.0,-2.0,8.0,8.0,0.0,1.0
3.0,155.0,-10.0,0.0,9.0,0.0,1.0
151.0,0.0,-9.0,0.0,10.0,0.0,1.0
147.0,0.0,-19.0,0.0,10.0,0.0,1.0
143.0,287.0,-29.0,13.0,10.0,0.0,1.0
139.0,283.0,-20.0,22.0,-9.0,1.0,1.0
135.0,279.0,-11.0,31.0,-8.0,0.0,1.0
131.0,275.0,-3.0,39.0,-7.0,0.0,1.0
127.0,271.0,4.0,46.0,-6.0,0.0,1.0
123.0,267.0,10.0,52.0,-5.0,0.0,1.0
119.0,263.0,15.0,57.0,-4.0,0.0,1.0
115.0,259.0,19.0,61.0,-3.0,0.0,1.0
111.0,255.0,22.0,64.0,-2.0,0.0,1.0
107.0,251.0,24.0,66.0,-1.0,0.0,1.0
103.0,247.0,25.0,67.0,0.0,0.0,1.0
99.0,243.0,25.0,67.0,1.0,0.0,1.0
95.0,239.0,24.0,66.0,2.0,0.0,1.0
91.0,235.0,22.0,64.0,3.0,0.0,1.0
87.0,231.0,19.0,61.0,4.0,0.0,1.0
83.0,227.0,15.0,57.0,5.0,0.0,1.0
79.0,223.0,10.0,52.0,6.0,0.0,1.0
75.0,219.0,4.0,46.0,7.0,0.0,1.0
71.0,215.0,-3.0,39.0,8.0,0.0,1.0
67.0,211.0,-11.0,31.0,9.0,0.0,1.0
63.0,207.0,-20.0,22.0,10.0,0.0,1.0
59.0,203.0,-30.0,12.0,10.0,0.0,1.0
55.0,199.0,-21.0,21.0,-9.0,1.0,1.0
51.0,195.0,-12.0,30.0,-8.0,0.0,1.0
47.0,191.0,-4.0,38.0,-7.0,0.0,1.0
43.0,187.0,3.0,45.0,-6.0,0.0,1.0
39.0,183.0,9.0,51.0,-5.0,0.0,1.0
35.0,179.0,14.0,56.0,-4.0,0.0,1.0
31.0,175.0,18.0,60.0,-3.0,0.0,1.0
27.0,171.0,21.0,63.0,-2.0,0.0,1.0
23.0,167.0,23.0,65.0,-1.0,0.0,1.0
19.0,163.0,24.0,66.0,0.0,0.0,1.0
15.0,159.0,24.0,66.0,1.0,0.0,1.0
11.0,155.0,23.0,65.0,2.0,0.0,1.0
7.0,151.0,21.0,63.0,3.0,0.0,1.0
3.0,147.0,18.0,60.0,4.0,0.0,1.0
143.0,0.0,56.0,0.0,5.0,0.0,1.0
139.0,0.0,51.0,0.0,6.0,0.0,1.0
135.0,287.0,45.0,117.0,7.0,0.0,1.0
131.0,283.0,38.0,110.0,8.0,0.0,1.0
127.0,279.0,30.0,102.0,9.0,0.0,1.0
123.0,275.0,21.0,93.0,10.0,0.0,1.0
119.0,271.0,11.0,83.0,10.0,0.0,1.0
115.0,267.0,1.0,73.0,10.0,0.0,1.0
111.0,263.0,-9.0,63.0,10.0,0.0,1.0
107.0,259.0,-19.0,53.0,10.0,0.0,1.0
103.0,255.0,-29.0,43.0,10.0,0.0,1.0
99.0,251.0,-20.0,52.0,-9.0,1.0,1.0
95.0,247.0,-11.0,61.0,-8.0,0.0,1.0
91.0,243.0,-3.0,69.0,-7.0,0.0,1.0
87.0,239.0,4.0,76.0,-6.0,0.0,1.0
83.0,235.0,10.0,82.0,-5.0,0.0,1.0
79.0,231.0,15.0,87.0,-4.0,0.0,1.0
75.0,227.0,19.0,91.0,-3.0,0.0,1.0
71.0,223.0,22.0,94.0,-2.0,0.0,1.0
67.0,219.0,24.0,96.0,-1.0,0.0,1.0
63.0,215.0,25.0,97.0,0.0,0.0,1.0
59.0,211.0,25.0,97.0,1.0,0.0,1.0
55.0,207.0,24.0,96.0,2.0,0.0,1.0
51.0,203.0,22.0,94.0,3.0,0.0,1.0
47.0,199.0,19.0,91.0,4.0,0.0,1.0
43.0,195.0,15.0,87.0,5.0,0.0,1.0
39.0,191.0,10.0,82.0,6.0,0.0,1.0
35.0,187.0,4.0,76.0,7.0,0.0,1.0
31.0,183.0,-3.0,69.0,8.0,0.0,1.0
27.0,179.0,-11.0,61.0,9.0,0.0,1.0
23.0,175.0,-20.0,52.0,10.0,0.0,1.0
19.0,171.0,-30.0,42.0,10.0,0.0,1.0
15.0,167.0,-21.0,51.0,-9.0,1.0,1.0
11.0,163.0,-12.0,60.0,-8.0,0.0,1.0
7.0,159.0,-4.0,68.0,-7.0,0.0,1.0
3.0,155.0,3.0,75.0,-6.0,0.0,1.0
151.0,0.0,81.0,0.0,-5.0,0.0,1.0
147.0,0.0,86.0,0.0,-4.0,0.0,1.0
143.0,287.0,90.0,103.0,-3.0,0.0,1.0
139.0,283.0,93.0,106.0,-2.0,0.0,1.0
135.0,279.0,95.0,108.0,-1.0,0.0,1.0
131.0,275.0,96.0,109.0,0.0,0.0,1.0
127.0,271.0,96.0,109.0,1.0,0.0,1.0
123.0,267.0,95.0,108.0,2.0,0.0,1.0
119.0,263.0,93.0,106.0,3.0,0.0,1.0
115.0,259.0,90.0,103.0,4.0,0.0,1.0
111.0,255.0,86.0,99.0,5.0,0.0,1.0
107.0,251.0,81.0,94.0,6.0,0.0,1.0
103.0,247.0,75.0,88.0,7.0,0.0,1.0
99.0,243.0,68.0,81.0,8.0,0.0,1.0
95.0,239.0,60.0,73.0,9.0,0.0,1.0
91.0,235.0,51.0,64.0,10.0,0.0,1.0
87.0,231.0,41.0,54.0,10.0,0.0,1.0
83.0,227.0,31.0,44.0,10.0,0.0,1.0
79.0,223.0,21.0,34.0,10.0,0.0,1.0
75.0,219.0,11.0,24.0,10.0,0.0,1.0
71.0,215.0,1.0,14.0,10.0,0.0,1.0
67.0,211.0,-9.0,4.0,10.0,0.0,1.0
63.0,207.0,-19.0,-6.0,10.0,0.0,1.0
59.0,203.0,-29.0,-16.0,10.0,0.0,1.0
55.0,199.0,-20.0,-7.0,-9.0,1.0,1.0
51.0,195.0,-11.0,2.0,-8.0,0.0,1.0
47.0,191.0,-3.0,10.0,-7.0,0.0,1.0
43.0,187.0,4.0,17.0,-6.0,0.0,1.0
39.0,183.0,10.0,23.0,-5.0,0.0,1.0
35.0,179.0,15.0,28.0,-4.0,0.0,1.0
31.0,175.0,19.0,32.0,-3.0,0.0,1.0
27.0,171.0,22.0,35.0,-2.0,0.0,1.0
23.0,167.0,24.0,37.0,-1.0,0.0,1.0
19.0,163.0,25.0,38.0,0.0,0.0,1.0
15.0,159.0,25.0,38.0,1.0,0.0,1.0
11.0,155.0,24.0,37.0,2.0,0.0,1.0
7.0,151.0,22.0,35.0,3.0,0.0,1.0
3.0,147.0,19.0,32.0,4.0,0.0,1.0
143.0,0.0,28.0,0.0,5.0,0.0,1.0
139.0,0.0,23.0,0.0,6.0,0.0,1.0
135.0,287.0,17.0,-110.0,7.0,0.0,1.0
131.0,283.0,10.0,-117.0,8.0,0.0,1.0
127.0,279.0,2.0,-125.0,9.0,0.0,1.0
123.0,275.0,-7.0,-134.0,10.0,0.0,1.0
119.0,271.0,-17.0,-144.0,10.0,0.0,1.0
115.0,267.0,-27.0,-154.0,10.0,0.0,1.0
111.0,263.0,-18.0,-145.0,-9.0,1.0,1.0
107.0,259.0,-9.0,-136.0,-8.0,0.0,1.0
103.0,255.0,-1.0,-128.0,-7.0,0.0,1.0
99.0,251.0,6.0,-121.0,-6.0,0.0,1.0
95.0,247.0,12.0,-115.0,-5.0,0.0,1.0
91.0,243.0,17.0,-110.0,-4.0,0.0,1.0
87.0,239.0,21.0,-106.0,-3.0,0.0,1.0
83.0,235.0,24.0,-103.0,-2.0,0.0,1.0
79.0,231.0,26.0,-101.0,-1.0,0.0,1.0
75.0,227.0,27.0,-100.0,0.0,0.0,1.0
71.0,223.0,27.0,-100.0,1.0,0.0,1.0
67.0,219.0,26.0,-101.0,2.0,0.0,1.0
63.0,215.0,24.0,-103.0,3.0,0.0,1.0
59.0,211.0,21.0,-106.0,4.0,0.0,1.0
55.0,207.0,17.0,-110.0,5.0,0.0,1.0
51.0,203.0,12.0,-115.0,6.0,0.0,1.0
47.0,199.0,6.0,-121.0,7.0,0.0,1.0
43.0,195.0,-1.0,-128.0,8.0,0.0,1.0
39.0,191.0,-9.0,-136.0,9.0,0.0,1.0
35.0,187.0,-18.0,-145.0,10.0,0.0,1.0
31.0,183.0,-28.0,-155.0,10.0,0.0,1.0
27.0,179.0,-19.0,-146.0,-9.0,1.0,1.0
23.0,175.0,-10.0,-137.0,-8.0,0.0,1.0
19.0,171.0,-2.0,-129.0,-7.0,0.0,1.0
15.0,167.0,5.0,-122.0,-6.0,0.0,1.0
11.0,163.0,11.0,-116.0,-5.0,0.0,1.0
7.0,159.0,16.0,-111.0,-4.0,0.0,1.0
3.0,155.0,20.0,-107.0,-3.0,0.0,1.0
151.0,0.0,-104.0,0.0,-2.0,0.0,1.0
147.0,0.0,-95.0,0.0,-9.0,1.0,1.0
143.0,287.0,-86.0,-73.0,-9.0,1.0,1.0
139.0,283.0,-77.0,-64.0,-9.0,1.0,1.0
135.0,279.0,-68.0,-55.0,-9.0,1.0,1.0
131.0,275.0,-59.0,-46.0,-9.0,1.0,1.0
127.0,271.0,-50.0,-37.0,-9.0,1.0,1.0
123.0,267.0,-41.0,-28.0,-9.0,1.0,1.0
119.0,263.0,-32.0,-19.0,-9.0,1.0,1.0
115.0,259.0,-23.0,-10.0,-9.0,1.0,1.0
111.0,255.0,-14.0,-1.0,-8.0,0.0,1.0
107.0,251.0,-6.0,7.0,-7.0,0.0,1.0
103.0,247.0,1.0,14.0,-6.0,0.0,1.0
99.0,243.0,7.0,20.0,-5.0,0.0,1.0
95.0,239.0,12.0,25.0,-4.0,0.0,1.0
91.0,235.0,16.0,29.0,-3.0,0.0,1.0
87.0,231.0,19.0,32.0,-2.0,0.0,1.0
83.0,227.0,21.0,34.0,-1.0,0.0,1.0
79.0,223.0,22.0,35.0,0.0,0.0,1.0
75.0,219.0,22.0,35.0,1.0,0.0,1.0
71.0,215.0,21.0,34.0,2.0,0.0,1.0
67.0,211.0,19.0,32.0,3.0,0.0,1.0
63.0,207.0,16.0,29.0,4.0,0.0,1.0
59.0,203.0,12.0,25.0,5.0,0.0,1.0
55.0,199.0,7.0,20.0,6.0,0.0,1.0
51.0,195.0,1.0,14.0,7.0,0.0,1.0
47.0,191.0,-6.0,7.0,8.0,0.0,1.0
43.0,187.0,-14.0,-1.0,9.0,0.0,1.0
39.0,183.0,-23.0,-10.0,10.0,0.0,1.0
35.0,179.0,-33.0,-20.0,10.0,0.0,1.0
31.0,175.0,-24.0,-11.0,-9.0,1.0,1.0
27.0,171.0,-15.0,-2.0,-8.0,0.0,1.0
23.0,167.0,-7.0,6.0,-7.0,0.0,1.0
19.0,163.0,0.0,13.0,-6.0,0.0,1.0
15.0,159.0,6.0,19.0,-5.0,0.0,1.0
11.0,155.0,11.0,24.0,-4.0,0.0,1.0
7.0,151.0,15.0,28.0,-3.0,0.0,1.0
3.0,147.0,18.0,31.0,-2.0,0.0,1.0
143.0,0.0,33.0,0.0,-1.0,0.0,1.0
139.0,0.0,34.0,0.0,0.0,0.0,1.0
135.0,287.0,34.0,25.0,1.0,0.0,1.0
131.0,283.0,33.0,24.0,2.0,0.0,1.0
127.0,279.0,31.0,22.0,3.0,0.0,1.0
123.0,275.0,28.0,19.0,4.0,0.0,1.0
119.0,271.0,24.0,15.0,5.0,0.0,1.0
115.0,267.0,19.0,10.0,6.0,0.0,1.0
111.0,263.0,13.0,4.0,7.0,0.0,1.0
107.0,259.0,6.0,-3.0,8.0,0.0,1.0
103.0,255.0,-2.0,-11.0,9.0,0.0,1.0
99.0,251.0,-11.0,-20.0,10.0,0.0,1.0
95.0,247.0,-21.0,-30.0,10.0,0.0,1.0
91.0,243.0,-31.0,-40.0,10.0,0.0,1.0
87.0,239.0,-22.0,-31.0,-9.0,1.0,1.0
83.0,235.0,-13.0,-22.0,-8.0,0.0,1.0
79.0,231.0,-5.0,-14.0,-7.0,0.0,1.0
75.0,227.0,2.0,-7.0,-6.0,0.0,1.0
71.0,223.0,8.0,-1.0,-5.0,0.0,1.0
67.0,219.0,13.0,4.0,-4.0,0.0,1.0
63.0,215.0,17.0,8.0,-3.0,0.0,1.0
59.0,211.0,20.0,11.0,-2.0,0.0,1.0
55.0,207.0,22.0,13.0,-1.0,0.0,1.0
51.0,203.0,23.0,14.0,0.0,0.0,1.0
47.0,199.0,23.0,14.0,1.0,0.0,1.0
43.0,195.0,22.0,13.0,2.0,0.0,1.0
39.0,191.0,20.0,11.0,3.0,0.0,1.0
35.0,187.0,17.0,8.0,4.0,0.0,1.0
31.0,183.0,13.0,4.0,5.0,0.0,1.0
27.0,179.0,8.0,-1.0,6.0,0.0,1.0
23.0,175.0,2.0,-7.0,7.0,0.0,1.0
19.0,171.0,-5.0,-14.0,8.0,0.0,1.0
15.0,167.0,-13.0,-22.0,9.0,0.0,1.0
11.0,163.0,-22.0,-31.0,10.0,0.0,1.0
7.0,159.0,-32.0,-41.0,10.0,0.0,1.0
3.0,155.0,-23.0,-32.0,-9.0,1.0,1.0
151.0,0.0,-23.0,0.0,-8.0,0.0,1.0
147.0,0.0,-15.0,0.0,-7.0,0.0,1.0
143.0,287.0,-8.0,103.0,-6.0,0.0,1.0
139.0,283.0,-2.0,109.0,-5.0,0.0,1.0
135.0,279.0,3.0,114.0,-4.0,0.0,1.0
131.0,275.0,7.0,118.0,-3.0,0.0,1.0
127.0,271.0,10.0,121.0,-2.0,0.0,1.0
123.0,267.0,12.0,123.0,-1.0,0.0,1.0
119.0,263.0,13.0,124.0,0.0,0.0,1.0
115.0,259.0,13.0,124.0,1.0,0.0,1.0
111.0,255.0,12.0,123.0,2.0,0.0,1.0
107.0,251.0,10.0,121.0,3.0,0.0,1.0
103.0,247.0,7.0,118.0,4.0,0.0,1.0
99.0,243.0,3.0,114.0,5.0,0.0,1.0
95.0,239.0,-2.0,109.0,6.0,0.0,1.0
91.0,235.0,-8.0,103.0,7.0,0.0,1.0
87.0,231.0,-15.0,96.0,8.0,0.0,1.0
83.0,227.0,-23.0,88.0,9.0,0.0,1.0
79.0,223.0,-32.0,79.0,10.0,0.0,1.0
75.0,219.0,-23.0,88.0,-9.0,1.0,1.0
71.0,215.0,-14.0,97.0,-8.0,0.0,1.0
67.0,211.0,-6.0,105.0,-7.0,0.0,1.0
63.0,207.0,1.0,112.0,-6.0,0.0,1.0
59.0,203.0,7.0,118.0,-5.0,0.0,1.0
55.0,199.0,12.0,123.0,-4.0,0.0,1.0
51.0,195.0,16.0,127.0,-3.0,0.0,1.0
47.0,191.0,19.0,130.0,-2.0,0.0,1.0
43.0,187.0,21.0,132.0,-1.0,0.0,1.0
39.0,183.0,22.0,133.0,0.0,0.0,1.0
35.0,179.0,22.0,133.0,1.0,0.0,1.0
31.0,175.0,21.0,132.0,2.0,0.0,1.0
27.0,171.0,19.0,130.0,3.0,0.0,1.0
23.0,167.0,16.0,127.0,4.0,0.0,1.0
19.0,163.0,12.0,123.0,5.0,0.0,1.0
15.0,159.0,7.0,118.0,6.0,0.0,1.0
11.0,155.0,1.0,112.0,7.0,0.0,1.0
7.0,151.0,-6.0,105.0,8.0,0.0,1.0
3.0,147.0,-14.0,97.0,9.0,0.0,1.0
143.0,0.0,88.0,0.0,10.0,0.0,1.0
139.0,0.0,78.0,0.0,10.0,0.0,1.0
135.0,287.0,68.0,-16.0,10.0,0.0,1.0
131.0,283.0,58.0,-26.0,10.0,0.0,1.0
127.0,279.0,48.0,-36.0,10.0,0.0,1.0
123.0,275.0,38.0,-46.0,10.0,0.0,1.0
119.0,271.0,28.0,-56.0,10.0,0.0,1.0
115.0,267.0,18.0,-66.0,10.0,0.0,1.0
111.0,263.0,8.0,-76.0,10.0,0.0,1.0
107.0,259.0,-2.0,-86.0,10.0,0.0,1.0
103.0,255.0,-12.0,-96.0,10.0,0.0,1.0
99.0,251.0,-22.0,-106.0,10.0,0.0,1.0
95.0,247.0,-32.0,-116.0,10.0,0.0,1.0
91.0,243.0,-23.0,-107.0,-9.0,1.0,1.0
87.0,239.0,-14.0,-98.0,-8.0,0.0,1.0
83.0,235.0,-6.0,-90.0,-7.0,0.0,1.0
79.0,231.0,1.0,-83.0,-6.0,0.0,1.0
75.0,227.0,7.0,-77.0,-5.0,0.0,1.0
71.0,223.0,12.0,-72.0,-4.0,0.0,1.0
67.0,219.0,16.0,-68.0,-3.0,0.0,1.0
63.0,215.0,19.0,-65.0,-2.0,0.0,1.0
59.0,211.0,21.0,-63.0,-1.0,0.0,1.0
55.0,207.0,22.0,-62.0,0.0,0.0,1.0
51.0,203.0,22.0,-62.0,1.0,0.0,1.0
47.0,199.0,21.0,-63.0,2.0,0.0,1.0
43.0,195.0,19.0,-65.0,3.0,0.0,1.0
39.0,191.0,16.0,-68.0,4.0,0.0,1.0
35.0,187.0,12.0,-72.0,5.0,0.0,1.0
31.0,183.0,7.0,-77.0,6.0,0.0,1.0
27.0,179.0,1.0,-83.0,7.0,0.0,1.0
23.0,175.0,-6.0,-90.0,8.0,0.0,1.0
19.0,171.0,-14.0,-98.0,9.0,0.0,1.0
15.0,167.0,-23.0,-107.0,10.0,0.0,1.0
11.0,163.0,-33.0,-117.0,10.0,0.0,1.0
7.0,159.0,-24.0,-108.0,-9.0,1.0,1.0
3.0,155.0,-15.0,-99.0,-8.0,0.0,1.0
151.0,0.0,-91.0,0.0,-7.0,0.0,1.0
147.0,0.0,-82.0,0.0,-9.0,1.0,1.0
143.0,287.0,-73.0,-70.0,-9.0,1.0,1.0
139.0,283.0,-64.0,-61.0,-9.0,1.0,1.0
135.0,279.0,-55.0,-52.0,-9.0,1.0,1.0
131.0,275.0,-46.0,-43.0,-9.0,1.0,1.0
127.0,271.0,-37.0,-34.0,-9.0,1.0,1.0
123.0,267.0,-28.0,-25.0,-9.0,1.0,1.0
119.0,263.0,-19.0,-16.0,-9.0,1.0,1.0
115.0,259.0,-10.0,-7.0,-8.0,0.0,1.0
111.0,255.0,-2.0,1.0,-7.0,0.0,1.0
107.0,251.0,5.0,8.0,-6.0,0.0,1.0
103.0,247.0,11.0,14.0,-5.0,0.0,1.0
99.0,243.0,16.0,19.0,-4.0,0.0,1.0
95.0,239.0,20.0,23.0,-3.0,0.0,1.0
91.0,235.0,23.0,26.0,-2.0,0.0,1.0
87.0,231.0,25.0,28.0,-1.0,0.0,1.0
83.0,227.0,26.0,29.0,0.0,0.0,1.0
79.0,223.0,26.0,29.0,1.0,0.0,1.0
75.0,219.0,25.0,28.0,2.0,0.0,1.0
71.0,215.0,23.0,26.0,3.0,0.0,1.0
67.0,211.0,20.0,23.0,4.0,0.0,1.0
63.0,207.0,16.0,19.0,5.0,0.0,1.0
59.0,203.0,11.0,14.0,6.0,0.0,1.0
55.0,199.0,5.0,8.0,7.0,0.0,1.0
51.0,195.0,-2.0,1.0,8.0,0.0,1.0
47.0,191.0,-10.0,-7.0,9.0,0.0,1.0
43.0,187.0,-19.0,-16.0,10.0,0.0,1.0
39.0,183.0,-29.0,-26.0,10.0,0.0,1.0
35.0,179.0,-20.0,-17.0,-9.0,1.0,1.0
31.0,175.0,-11.0,-8.0,-8.0,0.0,1.0
27.0,171.0,-3.0,0.0,-7.0,0.0,1.0
23.0,167.0,4.0,7.0,-6.0,0.0,1.0
19.0,163.0,10.0,13.0,-5.0,0.0,1.0
15.0,159.0,15.0,18.0,-4.0,0.0,1.0
11.0,155.0,19.0,22.0,-3.0,0.0,1.0
7.0,151.0,22.0,25.0,-2.0,0.0,1.0
3.0,147.0,24.0,27.0,-1.0,0.0,1.0
143.0,0.0,28.0,0.0,0.0,0.0,1.0
139.0,0.0,28.0,0.0,1.0,0.0,1.0
135.0,287.0,27.0,86.0,2.0,0.0,1.0
131.0,283.0,25.0,84.0,3.0,0.0,1.0
127.0,279.0,22.0,81.0,4.0,0.0,1.0
123.0,275.0,18.0,77.0,5.0,0.0,1.0
119.0,271.0,13.0,72.0,6.0,0.0,1.0
115.0,267.0,7.0,66.0,7.0,0.0,1.0
111.0,263.0,0.0,59.0,8.0,0.0,1.0
107.0,259.0,-8.0,51.0,9.0,0.0,1.0
103.0,255.0,-17.0,42.0,10.0,0.0,1.0
99.0,251.0,-27.0,32.0,10.0,0.0,1.0
95.0,247.0,-18.0,41.0,-9.0,1.0,1.0
91.0,243.0,-9.0,50.0,-8.0,0.0,1.0
87.0,239.0,-1.0,58.0,-7.0,0.0,1.0
83.0,235.0,6.0,65.0,-6.0,0.0,1.0
79.0,231.0,12.0,71.0,-5.0,0.0,1.0
75.0,227.0,17.0,76.0,-4.0,0.0,1.0
71.0,223.0,21.0,80.0,-3.0,0.0,1.0
67.0,219.0,24.0,83.0,-2.0,0.0,1.0
63.0,215.0,26.0,85.0,-1.0,0.0,1.0
59.0,211.0,27.0,86.0,0.0,0.0,1.0
55.0,207.0,27.0,86.0,1.0,0.0,1.0
51.0,203.0,26.0,85.0,2.0,0.0,1.0
47.0,199.0,24.0,83.0,3.0,0.0,1.0
43.0,195.0,21.0,80.0,4.0,0.0,1.0
39.0,191.0,17.0,76.0,5.0,0.0,1.0
35.0,187.0,12.0,71.0,6.0,0.0,1.0
31.0,183.0,6.0,65.0,7.0,0.0,1.0
27.0,179.0,-1.0,58.0,8.0,0.0,1.0
23.0,175.0,-9.0,50.0,9.0,0.0,1.0
19.0,171.0,-18.0,41.0,10.0,0.0,1.0
15.0,167.0,-28.0,31.0,10.0,0.0,1.0
11.0,163.0,-19.0,40.0,-9.0,1.0,1.0
7.0,159.0,-10.0,49.0,-8.0,0.0,1.0
3.0,155.0,-2.0,57.0,-7.0,0.0,1.0
151.0,0.0,64.0,0.0,-6.0,0.0,1.0
147.0,0.0,70.0,0.0,-5.0,0.0,1.0
143.0,287.0,75.0,-24.0,-4.0,0.0,1.0
139.0,283.0,79.0,-20.0,-3.0,0.0,1.0
135.0,279.0,82.0,-17.0,-2.0,0.0,1.0
131.0,275.0,84.0,-15.0,-1.0,0.0,1.0
127.0,271.0,85.0,-14.0,0.0,0.0,1.0
123.0,267.0,85.0,-14.0,1.0,0.0,1.0
119.0,263.0,84.0,-15.0,2.0,0.0,1.0
115.0,259.0,82.0,-17.0,3.0,0.0,1.0
111.0,255.0,79.0,-20.0,4.0,0.0,1.0
107.0,251.0,75.0,-24.0,5.0,0.0,1.0
103.0,247.0,70.0,-29.0,6.0,0.0,1.0
99.0,243.0,64.0,-35.0,7.0,0.0,1.0
95.0,239.0,57.0,-42.0,8.0,0.0,1.0
91.0,235.0,49.0,-50.0,9.0,0.0,1.0
87.0,231.0,40.0,-59.0,10.0,0.0,1.0
83.0,227.0,30.0,-69.0,10.0,0.0,1.0
79.0,223.0,20.0,-79.0,10.0,0.0,1.0
75.0,219.0,10.0,-89.0,10.0,0.0,1.0
71.0,215.0,0.0,-99.0,10.0,0.0,1.0
67.0,211.0,-10.0,-109.0,10.0,0.0,1.0
63.0,207.0,-20.0,-119.0,10.0,0.0,1.0
59.0,203.0,-30.0,-129.0,10.0,0.0,1.0
55.0,199.0,-21.0,-120.0,-9.0,1.0,1.0
51.0,195.0,-12.0,-111.0,-8.0,0.0,1.0
47.0,191.0,-4.0,-103.0,-7.0,0.0,1.0
43.0,187.0,3.0,-96.0,-6.0,0.0,1.0
39.0,183.0,9.0,-90.0,-5.0,0.0,1.0
35.0,179.0,14.0,-85.0,-4.0,0.0,1.0
31.0,175.0,18.0,-81.0,-3.0,0.0,1.0
27.0,171.0,21.0,-78.0,-2.0,0.0,1.0
23.0,167.0,23.0,-76.0,-1.0,0.0,1.0
19.0,163.0,24.0,-75.0,0.0,0.0,1.0
15.0,159.0,24.0,-75.0,1.0,0.0,1.0
11.0,155.0,23.0,-76.0,2.0,0.0,1.0
7.0,151.0,21.0,-78.0,3.0,0.0,1.0
3.0,147.0,18.0,-81.0,4.0,0.0,1.0
143.0,0.0,-85.0,0.0,5.0,0.0,1.0
139.0,0.0,-76.0,0.0,-9.0,1.0,1.0
135.0,287.0,-67.0,7.0,-9.0,1.0,1.0
131.0,283.0,-58.0,16.0,-9.0,1.0,1.0
127.0,279.0,-49.0,25.0,-9.0,1.0,1.0
123.0,275.0,-40.0,34.0,-9.0,1.0,1.0
119.0,271.0,-31.0,43.0,-9.0,1.0,1.0
115.0,267.0,-22.0,52.0,-9.0,1.0,1.0
111.0,263.0,-13.0,61.0,-8.0,0.0,1.0
107.0,259.0,-5.0,69.0,-7.0,0.0,1.0
103.0,255.0,2.0,76.0,-6.0,0.0,1.0
99.0,251.0,8.0,82.0,-5.0,0.0,1.0
95.0,247.0,13.0,87.0,-4.0,0.0,1.0
91.0,243.0,17.0,91.0,-3.0,0.0,1.0
87.0,239.0,20.0,94.0,-2.0,0.0,1.0
83.0,235.0,22.0,96.0,-1.0,0.0,1.0
79.0,231.0,23.0,97.0,0.0,0.0,1.0
75.0,227.0,23.0,97.0,1.0,0.0,1.0
71.0,223.0,22.0,96.0,2.0,0.0,1.0
67.0,219.0,20.0,94.0,3.0,0.0,1.0
63.0,215.0,17.0,91.0,4.0,0.0,1.0
59.0,211.0,13.0,87.0,5.0,0.0,1.0
55.0,207.0,8.0,82.0,6.0,0.0,1.0
51.0,203.0,2.0,76.0,7.0,0.0,1.0
47.0,199.0,-5.0,69.0,8.0,0.0,1.0
43.0,195.0,-13.0,61.0,9.0,0.0,1.0
39.0,191.0,-22.0,52.0,10.0,0.0,1.0
35.0,187.0,-32.0,42.0,10.0,0.0,1.0
31.0,183.0,-23.0,51.0,-9.0,1.0,1.0
27.0,179.0,-14.0,60.0,-8.0,0.0,1.0
23.0,175.0,-6.0,68.0,-7.0,0.0,1.0
19.0,171.0,1.0,75.0,-6.0,0.0,1.0
15.0,167.0,7.0,81.0,-5.0,0.0,1.0
11.0,163.0,12.0,86.0,-4.0,0.0,1.0
7.0,159.0,16.0,90.0,-3.0,0.0,1.0
3.0,155.0,19.0,93.0,-2.0,0.0,1.0
151.0,0.0,95.0,0.0,-1.0,0.0,1.0
147.0,0.0,96.0,0.0,0.0,0.0,1.0
143.0,287.0,96.0,103.0,1.0,0.0,1.0
139.0,283.0,95.0,102.0,2.0,0.0,1.0
135.0,279.0,93.0,100.0,3.0,0.0,1.0
131.0,275.0,90.0,97.0,4.0,0.0,1.0
127.0,271.0,86.0,93.0,5.0,0.0,1.0
123.0,267.0,81.0,88.0,6.0,0.0,1.0
119.0,263.0,75.0,82.0,7.0,0.0,1.0
115.0,259.0,68.0,75.0,8.0,0.0,1.0
111.0,255.0,60.0,67.0,9.0,0.0,1.0
107.0,251.0,51.0,58.0,10.0,0.0,1.0
103.0,247.0,41.0,48.0,10.0,0.0,1.0
99.0,243.0,31.0,38.0,10.0,0.0,1.0
95.0,239.0,21.0,28.0,10.0,0.0,1.0
91.0,235.0,11.0,18.0,10.0,0.0,1.0
87.0,231.0,1.0,8.0,10.0,0.0,1.0
83.0,227.0,-9.0,-2.0,10.0,0.0,1.0
79.0,223.0,-19.0,-12.0,10.0,0.0,1.0
75.0,219.0,-29.0,-22.0,10.0,0.0,1.0
71.0,215.0,-20.0,-13.0,-9.0,1.0,1.0
67.0,211.0,-11.0,-4.0,-8.0,0.0,1.0
63.0,207.0,-3.0,4.0,-7.0,0.0,1.0
59.0,203.0,4.0,11.0,-6.0,0.0,1.0
55.0,199.0,10.0,17.0,-5.0,0.0,1.0
51.0,195.0,15.0,22.0,-4.0,0.0,1.0
47.0,191.0,19.0,26.0,-3.0,0.0,1.0
43.0,187.0,22.0,29.0,-2.0,0.0,1.0
39.0,183.0,24.0,31.0,-1.0,0.0,1.0
35.0,179.0,25.0,32.0,0.0,0.0,1.0
31.0,175.0,25.0,32.0,1.0,0.0,1.0
27.0,171.0,24.0,31.0,2.0,0.0,1.0
23.0,167.0,22.0,29.0,3.0,0.0,1.0
19.0,163.0,19.0,26.0,4.0,0.0,1.0
15.0,159.0,15.0,22.0,5.0,0.0,1.0
11.0,155.0,10.0,17.0,6.0,0.0,1.0
7.0,151.0,4.0,11.0,7.0,0.0,1.0
3.0,147.0,-3.0,4.0,8.0,0.0,1.0
143.0,0.0,-4.0,0.0,9.0,0.0,1.0
139.0,0.0,-13.0,0.0,10.0,0.0,1.0
135.0,287.0,-23.0,-102.0,10.0,0.0,1.0
131.0,283.0,-33.0,-112.0,10.0,0.0,1.0
127.0,279.0,-24.0,-103.0,-9.0,1.0,1.0
123.0,275.0,-15.0,-94.0,-8.0,0.0,1.0
119.0,271.0,-7.0,-86.0,-7.0,0.0,1.0
115.0,267.0,0.0,-79.0,-6.0,0.0,1.0
111.0,263.0,6.0,-73.0,-5.0,0.0,1.0
107.0,259.0,11.0,-68.0,-4.0,0.0,1.0
103.0,255.0,15.0,-64.0,-3.0,0.0,1.0
99.0,251.0,18.0,-61.0,-2.0,0.0,1.0
95.0,247.0,20.0,-59.0,-1.0,0.0,1.0
91.0,243.0,21.0,-58.0,0.0,0.0,1.0
87.0,239.0,21.0,-58.0,1.0,0.0,1.0
83.0,235.0,20.0,-59.0,2.0,0.0,1.0
79.0,231.0,18.0,-61.0,3.0,0.0,1.0
75.0,227.0,15.0,-64.0,4.0,0.0,1.0
71.0,223.0,11.0,-68.0,5.0,0.0,1.0
67.0,219.0,6.0,-73.0,6.0,0.0,1.0
63.0,215.0,0.0,-79.0,7.0,0.0,1.0
59.0,211.0,-7.0,-86.0,8.0,0.0,1.0
55.0,207.0,-15.0,-94.0,9.0,0.0,1.0
51.0,203.0,-24.0,-103.0,10.0,0.0,1.0
47.0,199.0,-34.0,-113.0,10.0,0.0,1.0
43.0,195.0,-25.0,-104.0,-9.0,1.0,1.0
39.0,191.0,-16.0,-95.0,-8.0,0.0,1.0
35.0,187.0,-8.0,-87.0,-7.0,0.0,1.0
31.0,183.0,-1.0,-80.0,-6.0,0.0,1.0
27.0,179.0,5.0,-74.0,-5.0,0.0,1.0
23.0,175.0,10.0,-69.0,-4.0,0.0,1.0
19.0,171.0,14.0,-65.0,-3.0,0.0,1.0
15.0,167.0,17.0,-62.0,-2.0,0.0,1.0
11.0,163.0,19.0,-60.0,-1.0,0.0,1.0
7.0,159.0,20.0,-59.0,0.0,0.0,1.0
3.0,155.0,20.0,-59.0,1.0,0.0,1.0
151.0,0.0,-60.0,0.0,2.0,0.0,1.0
147.0,0.0,-51.0,0.0,-9.0,1.0,1.0
143.0,287.0,-42.0,24.0,-9.0,1.0,1.0
139.0,283.0,-33.0,33.0,-9.0,1.0,1.0
135.0,279.0,-24.0,42.0,-9.0,1.0,1.0
131.0,275.0,-15.0,51.0,-8.0,0.0,1.0
127.0,271.0,-7.0,59.0,-7.0,0.0,1.0
123.0,267.0,0.0,66.0,-6.0,0.0,1.0
119.0,263.0,6.0,72.0,-5.0,0.0,1.0
115.0,259.0,11.0,77.0,-4.0,0.0,1.0
111.0,255.0,15.0,81.0,-3.0,0.0,1.0
107.0,251.0,18.0,84.0,-2.0,0.0,1.0
103.0,247.0,20.0,86.0,-1.0,0.0,1.0
99.0,243.0,21.0,87.0,0.0,0.0,1.0
95.0,239.0,21.0,87.0,1.0,0.0,1.0
91.0,235.0,20.0,86.0,2.0,0.0,1.0
87.0,231.0,18.0,84.0,3.0,0.0,1.0
83.0,227.0,15.0,81.0,4.0,0.0,1.0
79.0,223.0,11.0,77.0,5.0,0.0,1.0
75.0,219.0,6.0,72.0,6.0,0.0,1.0
71.0,215.0,0.0,66.0,7.0,0.0,1.0
67.0,211.0,-7.0,59.0,8.0,0.0,1.0
63.0,207.0,-15.0,51.0,9.0,0.0,1.0
59.0,203.0,-24.0,42.0,10.0,0.0,1.0
55.0,199.0,-34.0,32.0,10.0,0.0,1.0
51.0,195.0,-25.0,41.0,-9.0,1.0,1.0
47.0,191.0,-16.0,50.0,-8.0,0.0,1.0
43.0,187.0,-8.0,58.0,-7.0,0.0,1.0
39.0,183.0,-1.0,65.0,-6.0,0.0,1.0
35.0,179.0,5.0,71.0,-5.0,0.0,1.0
31.0,175.0,10.0,76.0,-4.0,0.0,1.0
27.0,171.0,14.0,80.0,-3.0,0.0,1.0
23.0,167.0,17.0,83.0,-2.0,0.0,1.0
19.0,163.0,19.0,85.0,-1.0,0.0,1.0
15.0,159.0,20.0,86.0,0.0,0.0,1.0
11.0,155.0,20.0,86.0,1.0,0.0,1.0
7.0,151.0,19.0,85.0,2.0,0.0,1.0
3.0,147.0,17.0,83.0,3.0,0.0,1.0
143.0,0.0,80.0,0.0,4.0,0.0,1.0
139.0,0.0,76.0,0.0,5.0,0.0,1.0
135.0,287.0,71.0,120.0,6.0,0.0,1.0
131.0,283.0,65.0,114.0,7.0,0.0,1.0
127.0,279.0,58.0,107.0,8.0,0.0,1.0
123.0,275.0,50.0,99.0,9.0,0.0,1.0
119.0,271.0,41.0,90.0,10.0,0.0,1.0
115.0,267.0,31.0,80.0,10.0,0.0,1.0
111.0,263.0,21.0,70.0,10.0,0.0,1.0
107.0,259.0,11.0,60.0,10.0,0.0,1.0
103.0,255.0,1.0,50.0,10.0,0.0,1.0
99.0,251.0,-9.0,40.0,10.0,0.0,1.0
95.0,247.0,-19.0,30.0,10.0,0.0,1.0
91.0,243.0,-29.0,20.0,10.0,0.0,1.0
87.0,239.0,-20.0,29.0,-9.0,1.0,1.0
83.0,235.0,-11.0,38.0,-8.0,0.0,1.0
79.0,231.0,-3.0,46.0,-7.0,0.0,1.0
75.0,227.0,4.0,53.0,-6.0,0.0,1.0
71.0,223.0,10.0,59.0,-5.0,0.0,1.0
67.0,219.0,15.0,64.0,-4.0,0.0,1.0
63.0,215.0,19.0,68.0,-3.0,0.0,1.0
59.0,211.0,22.0,71.0,-2.0,0.0,1.0
55.0,207.0,24.0,73.0,-1.0,0.0,1.0
51.0,203.0,25.0,74.0,0.0,0.0,1.0
47.0,199.0,25.0,74.0,1.0,0.0,1.0
43.0,195.0,24.0,73.0,2.0,0.0,1.0
39.0,191.0,22.0,71.0,3.0,0.0,1.0
35.0,187.0,19.0,68.0,4.0,0.0,1.0
31.0,183.0,15.0,64.0,5.0,0.0,1.0
27.0,179.0,10.0,59.0,6.0,0.0,1.0
23.0,175.0,4.0,53.0,7.0,0.0,1.0
19.0,171.0,-3.0,46.0,8.0,0.0,1.0
15.0,167.0,-11.0,38.0,9.0,0.0,1.0
11.0,163.0,-20.0,29.0,10.0,0.0,1.0
7.0,159.0,-30.0,19.0,10.0,0.0,1.0
3.0,155.0,-21.0,28.0,-9.0,1.0,1.0
151.0,0.0,37.0,0.0,-8.0,0.0,1.0
147.0,0.0,45.0,0.0,-7.0,0.0,1.0
143.0,287.0,52.0,65.0,-6.0,0.0,1.0
139.0,283.0,58.0,71.0,-5.0,0.0,1.0
135.0,279.0,63.0,76.0,-4.0,0.0,1.0
131.0,275.0,67.0,80.0,-3.0,0.0,1.0
127.0,271.0,70.0,83.0,-2.0,0.0,1.0
123.0,267.0,72.0,85.0,-1.0,0.0,1.0
119.0,263.0,73.0,86.0,0.0,0.0,1.0
115.0,259.0,73.0,86.0,1.0,0.0,1.0
111.0,255.0,72.0,85.0,2.0,0.0,1.0
107.0,251.0,70.0,83.0,3.0,0.0,1.0
103.0,247.0,67.0,80.0,4.0,0.0,1.0
99.0,243.0,63.0,76.0,5.0,0.0,1.0
95.0,239.0,58.0,71.0,6.0,0.0,1.0
91.0,235.0,52.0,65.0,7.0,0.0,1.0
87.0,231.0,45.0,58.0,8.0,0.0,1.0
83.0,227.0,37.0,50.0,9.0,0.0,1.0
79.0,223.0,28.0,41.0,10.0,0.0,1.0
75.0,219.0,18.0,31.0,10.0,0.0,1.0
71.0,215.0,8.0,21.0,10.0,0.0,1.0
67.0,211.0,-2.0,11.0,10.0,0.0,1.0
63.0,207.0,-12.0,1.0,10.0,0.0,1.0
59.0,203.0,-22.0,-9.0,10.0,0.0,1.0
55.0,199.0,-32.0,-19.0,10.0,0.0,1.0
51.0,195.0,-23.0,-10.0,-9.0,1.0,1.0
47.0,191.0,-14.0,-1.0,-8.0,0.0,1.0
43.0,187.0,-6.0,7.0,-7.0,0.0,1.0
39.0,183.0,1.0,14.0,-6.0,0.0,1.0
35.0,179.0,7.0,20.0,-5.0,0.0,1.0
31.0,175.0,12.0,25.0,-4.0,0.0,1.0
27.0,171.0,16.0,29.0,-3.0,0.0,1.0
23.0,167.0,19.0,32.0,-2.0,0.0,1.0
19.0,163.0,21.0,34.0,-1.0,0.0,1.0
15.0,159.0,22.0,35.0,0.0,0.0,1.0
11.0,155.0,22.0,35.0,1.0,0.0,1.0
7.0,151.0,21.0,34.0,2.0,0.0,1.0
3.0,147.0,19.0,32.0,3.0,0.0,1.0
143.0,0.0,29.0,0.0,4.0,0.0,1.0
139.0,0.0,25.0,0.0,5.0,0.0,1.0
135.0,287.0,20.0,-100.0,6.0,0.0,1.0
131.0,283.0,14.0,-106.0,7.0,0.0,1.0
127.0,279.0,7.0,-113.0,8.0,0.0,1.0
123.0,275.0,-1.0,-121.0,9.0,0.0,1.0
119.0,271.0,-10.0,-130.0,10.0,0.0,1.0
115.0,267.0,-20.0,-140.0,10.0,0.0,1.0
111.0,263.0,-30.0,-150.0,10.0,0.0,1.0
107.0,259.0,-21.0,-141.0,-9.0,1.0,1.0
103.0,255.0,-12.0,-132.0,-8.0,0.0,1.0
99.0,251.0,-4.0,-124.0,-7.0,0.0,1.0
95.0,247.0,3.0,-117.0,-6.0,0.0,1.0
91.0,243.0,9.0,-111.0,-5.0,0.0,1.0
87.0,239.0,14.0,-106.0,-4.0,0.0,1.0
83.0,235.0,18.0,-102.0,-3.0,0.0,1.0
79.0,231.0,21.0,-99.0,-2.0,0.0,1.0
75.0,227.0,23.0,-97.0,-1.0,0.0,1.0
71.0,223.0,24.0,-96.0,0.0,0.0,1.0
67.0,219.0,24.0,-96.0,1.0,0.0,1.0
63.0,215.0,23.0,-97.0,2.0,0.0,1.0
59.0,211.0,21.0,-99.0,3.0,0.0,1.0
55.0,207.0,18.0,-102.0,4.0,0.0,1.0
51.0,203.0,14.0,-106.0,5.0,0.0,1.0
47.0,199.0,9.0,-111.0,6.0,0.0,1.0
43.0,195.0,3.0,-117.0,7.0,0.0,1.0
39.0,191.0,-4.0,-124.0,8.0,0.0,1.0
35.0,187.0,-12.0,-132.0,9.0,0.0,1.0
31.0,183.0,-21.0,-141.0,10.0,0.0,1.0
27.0,179.0,-31.0,-151.0,10.0,0.0,1.0
23.0,175.0,-22.0,-142.0,-9.0,1.0,1.0
19.0,171.0,-13.0,-133.0,-8.0,0.0,1.0
15.0,167.0,-5.0,-125.0,-7.0,0.0,1.0
11.0,163.0,2.0,-118.0,-6.0,0.0,1.0
7.0,159.0,8.0,-112.0,-5.0,0.0,1.0
3.0,155.0,13.0,-107.0,-4.0,0.0,1.0
151.0,0.0,-103.0,0.0,-3.0,0.0,1.0
147.0,0.0,-94.0,0.0,-9.0,1.0,1.0
143.0,287.0,-85.0,27.0,-9.0,1.0,1.0
139.0,283.0,-76.0,36.0,-9.0,1.0,1.0
135.0,279.0,-67.0,45.0,-9.0,1.0,1.0
131.0,275.0,-58.0,54.0,-9.0,1.0,1.0
127.0,271.0,-49.0,63.0,-9.0,1.0,1.0
123.0,267.0,-40.0,72.0,-9.0,1.0,1.0
119.0,263.0,-31.0,81.0,-9.0,1.0,1.0
115.0,259.0,-22.0,90.0,-9.0,1.0,1.0
111.0,255.0,-13.0,99.0,-8.0,0.0,1.0
107.0,251.0,-5.0,107.0,-7.0,0.0,1.0
103.0,247.0,2.0,114.0,-6.0,0.0,1.0
99.0,243.0,8.0,120.0,-5.0,0.0,1.0
95.0,239.0,13.0,125.0,-4.0,0.0,1.0
91.0,235.0,17.0,129.0,-3.0,0.0,1.0
87.0,231.0,20.0,132.0,-2.0,0.0,1.0
83.0,227.0,22.0,134.0,-1.0,0.0,1.0
79.0,223.0,23.0,135.0,0.0,0.0,1.0
75.0,219.0,23.0,135.0,1.0,0.0,1.0
71.0,215.0,22.0,134.0,2.0,0.0,1.0
67.0,211.0,20.0,132.0,3.0,0.0,1.0
63.0,207.0,17.0,129.0,4.0,0.0,1.0
59.0,203.0,13.0,125.0,5.0,0.0,1.0
55.0,199.0,8.0,120.0,6.0,0.0,1.0
51.0,195.0,2.0,114.0,7.0,0.0,1.0
47.0,191.0,-5.0,107.0,8.0,0.0,1.0
43.0,187.0,-13.0,99.0,9.0,0.0,1.0
39.0,183.0,-22.0,90.0,10.0,0.0,1.0
35.0,179.0,-32.0,80.0,10.0,0.0,1.0
31.0,175.0,-23.0,89.0,-9.0,1.0,1.0
27.0,171.0,-14.0,98.0,-8.0,0.0,1.0
23.0,167.0,-6.0,106.0,-7.0,0.0,1.0
19.0,163.0,1.0,113.0,-6.0,0.0,1.0
15.0,159.0,7.0,119.0,-5.0,0.0,1.0
11.0,155.0,12.0,124.0,-4.0,0.0,1.0
7.0,151.0,16.0,128.0,-3.0,0.0,1.0
3.0,147.0,19.0,131.0,-2.0,0.0,1.0
143.0,0.0,133.0,0.0,-1.0,0.0,1.0
139.0,0.0,134.0,0.0,0.0,0.0,1.0
135.0,287.0,134.0,32.0,1.0,0.0,1.0
131.0,283.0,133.0,31.0,2.0,0.0,1.0
127.0,279.0,131.0,29.0,3.0,0.0,1.0
123.0,275.0,128.0,26.0,4.0,0.0,1.0
119.0,271.0,124.0,22.0,5.0,0.0,1.0
115.0,267.0,119.0,17.0,6.0,0.0,1.0
111.0,263.0,113.0,11.0,7.0,0.0,1.0
107.0,259.0,106.0,4.0,8.0,0.0,1.0
103.0,255.0,98.0,-4.0,9.0,0.0,1.0
99.0,251.0,89.0,-13.0,10.0,0.0,1.0
95.0,247.0,79.0,-23.0,10.0,0.0,1.0
91.0,243.0,69.0,-33.0,10.0,0.0,1.0
87.0,239.0,59.0,-43.0,10.0,0.0,1.0
83.0,235.0,49.0,-53.0,10.0,0.0,1.0
79.0,231.0,39.0,-63.0,10.0,0.0,1.0
79.0,231.0,39.0,-63.0,10.0,0.0,0.0
