x0,x1,y0,y1,v,a,r
473.0,617.0,-56.0,-29.0,-9.0,1.0,1.0
469.0,613.0,-47.0,-20.0,-9.0,1.0,1.0
465.0,609.0,-38.0,-11.0,-9.0,1.0,1.0
461.0,605.0,-29.0,-2.0,-9.0,1.0,1.0
457.0,601.0,-20.0,7.0,-9.0,1.0,1.0
453.0,597.0,-11.0,16.0,-8.0,0.0,1.0
449.0,593.0,-3.0,24.0,-7.0,0.0,1.0
445.0,589.0,4.0,31.0,-6.0,0.0,1.0
441.0,585.0,10.0,37.0,-5.0,0.0,1.0
437.0,581.0,15.0,42.0,-4.0,0.0,1.0
433.0,577.0,19.0,46.0,-3.0,0.0,1.0
429.0,573.0,22.0,49.0,-2.0,0.0,1.0
425.0,569.0,24.0,51.0,-1.0,0.0,1.0
421.0,565.0,25.0,52.0,0.0,0.0,1.0
417.0,561.0,25.0,52.0,1.0,0.0,1.0
413.0,557.0,24.0,51.0,2.0,0.0,1.0
409.0,553.0,22.0,49.0,3.0,0.0,1.0
405.0,549.0,19.0,46.0,4.0,0.0,1.0
401.0,545.0,15.0,42.0,5.0,0.0,1.0
397.0,541.0,10.0,37.0,6.0,0.0,1.0
393.0,537.0,4.0,31.0,7.0,0.0,1.0
389.0,533.0,-3.0,24.0,8.0,0.0,1.0
385.0,529.0,-11.0,16.0,9.0,0.0,1.0
381.0,525.0,-20.0,7.0,10.0,0.0,1.0
377.0,521.0,-30.0,-3.0,10.0,0.0,1.0
373.0,517.0,-21.0,6.0,-9.0,1.0,1.0
369.0,513.0,-12.0,15.0,-8.0,0.0,1.0
365.0,509.0,-4.0,23.0,-7.0,0.0,1.0
361.0,505.0,3.0,30.0,-6.0,0.0,1.0
357.0,501.0,9.0,36.0,-5.0,0.0,1.0
353.0,497.0,14.0,41.0,-4.0,0.0,1.0
349.0,493.0,18.0,45.0,-3.0,0.0,1.0
345.0,489.0,21.0,48.0,-2.0,0.0,1.0
341.0,485.0,23.0,50.0,-1.0,0.0,1.0
337.0,481.0,24.0,51.0,0.0,0.0,1.0
333.0,477.0,24.0,51.0,1.0,0.0,1.0
329.0,473.0,23.0,50.0,2.0,0.0,1.0
325.0,469.0,21.0,48.0,3.0,0.0,1.0
321.0,465.0,18.0,45.0,4.0,0.0,1.0
317.0,461.0,14.0,41.0,5.0,0.0,1.0
313.0,457.0,9.0,36.0,6.0,0.0,1.0
309.0,453.0,3.0,30.0,7.0,0.0,1.0
305.0,449.0,-4.0,23.0,8.0,0.0,1.0
301.0,445.0,-12.0,15.0,9.0,0.0,1.0
297.0,441.0,-21.0,6.0,10.0,0.0,1.0
293.0,437.0,-31.0,-4.0,10.0,0.0,1.0
289.0,433.0,-22.0,5.0,-9.0,1.0,1.0
285.0,429.0,-13.0,14.0,-8.0,0.0,1.0
281.0,425.0,-5.0,22.0,-7.0,0.0,1.0
277.0,421.0,2.0,29.0,-6.0,0.0,1.0
273.0,417.0,8.0,35.0,-5.0,0.0,1.0
269.0,413.0,13.0,40.0,-4.0,0.0,1.0
265.0,409.0,17.0,44.0,-3.0,0.0,1.0
261.0,405.0,20.0,47.0,-2.0,0.0,1.0
257.0,401.0,22.0,49.0,-1.0,0.0,1.0
253.0,397.0,23.0,50.0,0.0,0.0,1.0
249.0,393.0,23.0,50.0,1.0,0.0,1.0
245.0,389.0,22.0,49.0,2.0,0.0,1.0
241.0,385.0,20.0,47.0,3.0,0.0,1.0
237.0,381.0,17.0,44.0,4.0,0.0,1.0
233.0,377.0,13.0,40.0,5.0,0.0,1.0
229.0,373.0,8.0,35.0,6.0,0.0,1.0
225.0,369.0,2.0,29.0,7.0,0.0,1.0
221.0,365.0,-5.0,22.0,8.0,0.0,1.0
217.0,361.0,-13.0,14.0,9.0,0.0,1.0
213.0,357.0,-22.0,5.0,10.0,0.0,1.0
209.0,353.0,-32.0,-5.0,10.0,0.0,1.0
205.0,349.0,-23.0,4.0,-9.0,1.0,1.0
201.0,345.0,-14.0,13.0,-8.0,0.0,1.0
197.0,341.0,-6.0,21.0,-7.0,0.0,1.0
193.0,337.0,1.0,28.0,-6.0,0.0,1.0
189.0,333.0,7.0,34.0,-5.0,0.0,1.0
185.0,329.0,12.0,39.0,-4.0,0.0,1.0
181.0,325.0,16.0,43.0,-3.0,0.0,1.0
177.0,321.0,19.0,46.0,-2.0,0.0,1.0
173.0,317.0,21.0,48.0,-1.0,0.0,1.0
169.0,313.0,22.0,49.0,0.0,0.0,1.0
165.0,309.0,22.0,49.0,1.0,0.0,1.0
161.0,305.0,21.0,48.0,2.0,0.0,1.0
157.0,301.0,19.0,46.0,3.0,0.0,1.0
153.0,297.0,16.0,43.0,4.0,0.0,1.0
149.0,293.0,12.0,39.0,5.0,0.0,1.0
145.0,289.0,7.0,34.0,6.0,0.0,1.0
141.0,285.0,1.0,28.0,7.0,0.0,1.0
137.0,281.0,-6.0,21.0,8.0,0.0,1.0
133.0,277.0,-14.0,13.0,9.0,0.0,1.0
129.0,273.0,-23.0,4.0,10.0,0.0,1.0
125.0,269.0,-33.0,-6.0,10.0,0.0,1.0
121.0,265.0,-24.0,3.0,-9.0,1.0,1.0
117.0,261.0,-15.0,12.0,-8.0,0.0,1.0
113.0,257.0,-7.0,20.0,-7.0,0.0,1.0
109.0,253.0,0.0,27.0,-6.0,0.0,1.0
105.0,249.0,6.0,33.0,-5.0,0.0,1.0
101.0,245.0,11.0,38.0,-4.0,0.0,1.0
97.0,241.0,15.0,42.0,-3.0,0.0,1.0
93.0,237.0,18.0,45.0,-2.0,0.0,1.0
89.0,233.0,20.0,47.0,-1.0,0.0,1.0
85.0,229.0,21.0,48.0,0.0,0.0,1.0
81.0,225.0,21.0,48.0,1.0,0.0,1.0
77.0,221.0,20.0,47.0,2.0,0.0,1.0
73.0,217.0,18.0,45.0,3.0,0.0,1.0
69.0,213.0,15.0,42.0,4.0,0.0,1.0
65.0,209.0,11.0,38.0,5.0,0.0,1.0
61.0,205.0,6.0,33.0,6.0,0.0,1.0
57.0,201.0,0.0,27.0,7.0,0.0,1.0
53.0,197.0,-7.0,20.0,8.0,0.0,1.0
49.0,193.0,-15.0,12.0,9.0,0.0,1.0
45.0,189.0,-24.0,3.0,10.0,0.0,1.0
41.0,185.0,-34.0,-7.0,10.0,0.0,1.0
37.0,181.0,-25.0,2.0,-9.0,1.0,1.0
33.0,177.0,-16.0,11.0,-8.0,0.0,1.0
29.0,173.0,-8.0,19.0,-7.0,0.0,1.0
25.0,169.0,-1.0,26.0,-6.0,0.0,1.0
21.0,165.0,5.0,32.0,-5.0,0.0,1.0
17.0,161.0,10.0,37.0,-4.0,0.0,1.0
13.0,157.0,14.0,41.0,-3.0,0.0,1.0
9.0,153.0,17.0,44.0,-2.0,0.0,1.0
5.0,149.0,19.0,46.0,-1.0,0.0,1.0
1.0,145.0,20.0,47.0,0.0,0.0,1.0
141.0,0.0,47.0,0.0,1.0,0.0,1.0
137.0,287.0,46.0,16.0,2.0,0.0,1.0
133.0,283.0,44.0,14.0,3.0,0.0,1.0
129.0,279.0,41.0,11.0,4.0,0.0,1.0
125.0,275.0,37.0,7.0,5.0,0.0,1.0
121.0,271.0,32.0,2.0,6.0,0.0,1.0
117.0,267.0,26.0,-4.0,7.0,0.0,1.0
113.0,263.0,19.0,-11.0,8.0,0.0,1.0
109.0,259.0,11.0,-19.0,9.0,0.0,1.0
105.0,255.0,2.0,-28.0,10.0,0.0,1.0
101.0,251.0,-8.0,-38.0,10.0,0.0,1.0
97.0,247.0,-18.0,-48.0,10.0,0.0,1.0
93.0,243.0,-28.0,-58.0,10.0,0.0,1.0
89.0,239.0,-19.0,-49.0,-9.0,1.0,1.0
85.0,235.0,-10.0,-40.0,-8.0,0.0,1.0
81.0,231.0,-2.0,-32.0,-7.0,0.0,1.0
77.0,227.0,5.0,-25.0,-6.0,0.0,1.0
73.0,223.0,11.0,-19.0,-5.0,0.0,1.0
69.0,219.0,16.0,-14.0,-4.0,0.0,1.0
65.0,215.0,20.0,-10.0,-3.0,0.0,1.0
61.0,211.0,23.0,-7.0,-2.0,0.0,1.0
57.0,207.0,25.0,-5.0,-1.0,0.0,1.0
53.0,203.0,26.0,-4.0,0.0,0.0,1.0
49.0,199.0,26.0,-4.0,1.0,0.0,1.0
45.0,195.0,25.0,-5.0,2.0,0.0,1.0
41.0,191.0,23.0,-7.0,3.0,0.0,1.0
37.0,187.0,20.0,-10.0,4.0,0.0,1.0
33.0,183.0,16.0,-14.0,5.0,0.0,1.0
29.0,179.0,11.0,-19.0,6.0,0.0,1.0
25.0,175.0,5.0,-25.0,7.0,0.0,1.0
21.0,171.0,-2.0,-32.0,8.0,0.0,1.0
17.0,167.0,-10.0,-40.0,9.0,0.0,1.0
13.0,163.0,-19.0,-49.0,10.0,0.0,1.0
9.0,159.0,-29.0,-59.0,10.0,0.0,1.0
5.0,155.0,-20.0,-50.0,-9.0,1.0,1.0
1.0,151.0,-11.0,-41.0,-8.0,0.0,1.0
147.0,0.0,-33.0,0.0,-7.0,0.0,1.0
143.0,287.0,-24.0,-56.0,-9.0,1.0,1.0
139.0,283.0,-15.0,-47.0,-8.0,0.0,1.0
135.0,279.0,-7.0,-39.0,-7.0,0.0,1.0
131.0,275.0,0.0,-32.0,-6.0,0.0,1.0
127.0,271.0,6.0,-26.0,-5.0,0.0,1.0
123.0,267.0,11.0,-21.0,-4.0,0.0,1.0
119.0,263.0,15.0,-17.0,-3.0,0.0,1.0
115.0,259.0,18.0,-14.0,-2.0,0.0,1.0
111.0,255.0,20.0,-12.0,-1.0,0.0,1.0
107.0,251.0,21.0,-11.0,0.0,0.0,1.0
103.0,247.0,21.0,-11.0,1.0,0.0,1.0
99.0,243.0,20.0,-12.0,2.0,0.0,1.0
95.0,239.0,18.0,-14.0,3.0,0.0,1.0
91.0,235.0,15.0,-17.0,4.0,0.0,1.0
87.0,231.0,11.0,-21.0,5.0,0.0,1.0
83.0,227.0,6.0,-26.0,6.0,0.0,1.0
79.0,223.0,0.0,-32.0,7.0,0.0,1.0
75.0,219.0,-7.0,-39.0,8.0,0.0,1.0
71.0,215.0,-15.0,-47.0,9.0,0.0,1.0
67.0,211.0,-24.0,-56.0,10.0,0.0,1.0
63.0,207.0,-34.0,-66.0,10.0,0.0,1.0
59.0,203.0,-25.0,-57.0,-9.0,1.0,1.0
55.0,199.0,-16.0,-48.0,-8.0,0.0,1.0
51.0,195.0,-8.0,-40.0,-7.0,0.0,1.0
47.0,191.0,-1.0,-33.0,-6.0,0.0,1.0
43.0,187.0,5.0,-27.0,-5.0,0.0,1.0
39.0,183.0,10.0,-22.0,-4.0,0.0,1.0
35.0,179.0,14.0,-18.0,-3.0,0.0,1.0
31.0,175.0,17.0,-15.0,-2.0,0.0,1.0
27.0,171.0,19.0,-13.0,-1.0,0.0,1.0
23.0,167.0,20.0,-12.0,0.0,0.0,1.0
19.0,163.0,20.0,-12.0,1.0,0.0,1.0
15.0,159.0,19.0,-13.0,2.0,0.0,1.0
11.0,155.0,17.0,-15.0,3.0,0.0,1.0
7.0,151.0,14.0,-18.0,4.0,0.0,1.0
3.0,147.0,10.0,-22.0,5.0,0.0,1.0
143.0,0.0,-27.0,0.0,6.0,0.0,1.0
139.0,0.0,-18.0,0.0,-9.0,1.0,1.0
135.0,287.0,-9.0,59.0,-8.0,0.0,1.0
131.0,283.0,-1.0,67.0,-7.0,0.0,1.0
127.0,279.0,6.0,74.0,-6.0,0.0,1.0
123.0,275.0,12.0,80.0,-5.0,0.0,1.0
119.0,271.0,17.0,85.0,-4.0,0.0,1.0
115.0,267.0,21.0,89.0,-3.0,0.0,1.0
111.0,263.0,24.0,92.0,-2.0,0.0,1.0
107.0,259.0,26.0,94.0,-1.0,0.0,1.0
103.0,255.0,27.0,95.0,0.0,0.0,1.0
99.0,251.0,27.0,95.0,1.0,0.0,1.0
95.0,247.0,26.0,94.0,2.0,0.0,1.0
91.0,243.0,24.0,92.0,3.0,0.0,1.0
87.0,239.0,21.0,89.0,4.0,0.0,1.0
83.0,235.0,17.0,85.0,5.0,0.0,1.0
79.0,231.0,12.0,80.0,6.0,0.0,1.0
75.0,227.0,6.0,74.0,7.0,0.0,1.0
71.0,223.0,-1.0,67.0,8.0,0.0,1.0
67.0,219.0,-9.0,59.0,9.0,0.0,1.0
63.0,215.0,-18.0,50.0,10.0,0.0,1.0
59.0,211.0,-28.0,40.0,10.0,0.0,1.0
55.0,207.0,-19.0,49.0,-9.0,1.0,1.0
51.0,203.0,-10.0,58.0,-8.0,0.0,1.0
47.0,199.0,-2.0,66.0,-7.0,0.0,1.0
43.0,195.0,5.0,73.0,-6.0,0.0,1.0
39.0,191.0,11.0,79.0,-5.0,0.0,1.0
35.0,187.0,16.0,84.0,-4.0,0.0,1.0
31.0,183.0,20.0,88.0,-3.0,0.0,1.0
27.0,179.0,23.0,91.0,-2.0,0.0,1.0
23.0,175.0,25.0,93.0,-1.0,0.0,1.0
19.0,171.0,26.0,94.0,0.0,0.0,1.0
15.0,167.0,26.0,94.0,1.0,0.0,1.0
11.0,163.0,25.0,93.0,2.0,0.0,1.0
7.0,159.0,23.0,91.0,3.0,0.0,1.0
3.0,155.0,20.0,88.0,4.0,0.0,1.0
151.0,0.0,84.0,0.0,5.0,0.0,1.0
147.0,0.0,79.0,0.0,6.0,0.0,1.0
143.0,287.0,73.0,16.0,7.0,0.0,1.0
139.0,283.0,66.0,9.0,8.0,0.0,1.0
135.0,279.0,58.0,1.0,9.0,0.0,1.0
131.0,275.0,49.0,-8.0,10.0,0.0,1.0
127.0,271.0,39.0,-18.0,10.0,0.0,1.0
123.0,267.0,29.0,-28.0,10.0,0.0,1.0
119.0,263.0,19.0,-38.0,10.0,0.0,1.0
115.0,259.0,9.0,-48.0,10.0,0.0,1.0
111.0,255.0,-1.0,-58.0,10.0,0.0,1.0
107.0,251.0,-11.0,-68.0,10.0,0.0,1.0
103.0,247.0,-21.0,-78.0,10.0,0.0,1.0
99.0,243.0,-31.0,-88.0,10.0,0.0,1.0
95.0,239.0,-22.0,-79.0,-9.0,1.0,1.0
91.0,235.0,-13.0,-70.0,-8.0,0.0,1.0
87.0,231.0,-5.0,-62.0,-7.0,0.0,1.0
83.0,227.0,2.0,-55.0,-6.0,0.0,1.0
79.0,223.0,8.0,-49.0,-5.0,0.0,1.0
75.0,219.0,13.0,-44.0,-4.0,0.0,1.0
71.0,215.0,17.0,-40.0,-3.0,0.0,1.0
67.0,211.0,20.0,-37.0,-2.0,0.0,1.0
63.0,207.0,22.0,-35.0,-1.0,0.0,1.0
59.0,203.0,23.0,-34.0,0.0,0.0,1.0
55.0,199.0,23.0,-34.0,1.0,0.0,1.0
51.0,195.0,22.0,-35.0,2.0,0.0,1.0
47.0,191.0,20.0,-37.0,3.0,0.0,1.0
43.0,187.0,17.0,-40.0,4.0,0.0,1.0
39.0,183.0,13.0,-44.0,5.0,0.0,1.0
35.0,179.0,8.0,-49.0,6.0,0.0,1.0
31.0,175.0,2.0,-55.0,7.0,0.0,1.0
27.0,171.0,-5.0,-62.0,8.0,0.0,1.0
23.0,167.0,-13.0,-70.0,9.0,0.0,1.0
19.0,163.0,-22.0,-79.0,10.0,0.0,1.0
15.0,159.0,-32.0,-89.0,10.0,0.0,1.0
11.0,155.0,-23.0,-80.0,-9.0,1.0,1.0
7.0,151.0,-14.0,-71.0,-8.0,0.0,1.0
3.0,147.0,-6.0,-63.0,-7.0,0.0,1.0
143.0,0.0,-56.0,0.0,-6.0,0.0,1.0
139.0,0.0,-47.0,0.0,-9.0,1.0,1.0
135.0,287.0,-38.0,45.0,-9.0,1.0,1.0
131.0,283.0,-29.0,54.0,-9.0,1.0,1.0
127.0,279.0,-20.0,63.0,-9.0,1.0,1.0
123.0,275.0,-11.0,72.0,-8.0,0.0,1.0
119.0,271.0,-3.0,80.0,-7.0,0.0,1.0
115.0,267.0,4.0,87.0,-6.0,0.0,1.0
111.0,263.0,10.0,93.0,-5.0,0.0,1.0
107.0,259.0,15.0,98.0,-4.0,0.0,1.0
103.0,255.0,19.0,102.0,-3.0,0.0,1.0
99.0,251.0,22.0,105.0,-2.0,0.0,1.0
95.0,247.0,24.0,107.0,-1.0,0.0,1.0
91.0,243.0,25.0,108.0,0.0,0.0,1.0
87.0,239.0,25.0,108.0,1.0,0.0,1.0
83.0,235.0,24.0,107.0,2.0,0.0,1.0
79.0,231.0,22.0,105.0,3.0,0.0,1.0
75.0,227.0,19.0,102.0,4.0,0.0,1.0
71.0,223.0,15.0,98.0,5.0,0.0,1.0
67.0,219.0,10.0,93.0,6.0,0.0,1.0
63.0,215.0,4.0,87.0,7.0,0.0,1.0
59.0,211.0,-3.0,80.0,8.0,0.0,1.0
55.0,207.0,-11.0,72.0,9.0,0.0,1.0
51.0,203.0,-20.0,63.0,10.0,0.0,1.0
47.0,199.0,-30.0,53.0,10.0,0.0,1.0
43.0,195.0,-21.0,62.0,-9.0,1.0,1.0
39.0,191.0,-12.0,71.0,-8.0,0.0,1.0
35.0,187.0,-4.0,79.0,-7.0,0.0,1.0
31.0,183.0,3.0,86.0,-6.0,0.0,1.0
27.0,179.0,9.0,92.0,-5.0,0.0,1.0
23.0,175.0,14.0,97.0,-4.0,0.0,1.0
19.0,171.0,18.0,101.0,-3.0,0.0,1.0
15.0,167.0,21.0,104.0,-2.0,0.0,1.0
11.0,163.0,23.0,106.0,-1.0,0.0,1.0
7.0,159.0,24.0,107.0,0.0,0.0,1.0
3.0,155.0,24.0,107.0,1.0,0.0,1.0
151.0,0.0,106.0,0.0,2.0,0.0,1.0
147.0,0.0,104.0,0.0,3.0,0.0,1.0
143.0,287.0,101.0,41.0,4.0,0.0,1.0
139.0,283.0,97.0,37.0,5.0,0.0,1.0
135.0,279.0,92.0,32.0,6.0,0.0,1.0
131.0,275.0,86.0,26.0,7.0,0.0,1.0
127.0,271.0,79.0,19.0,8.0,0.0,1.0
123.0,267.0,71.0,11.0,9.0,0.0,1.0
119.0,263.0,62.0,2.0,10.0,0.0,1.0
115.0,259.0,52.0,-8.0,10.0,0.0,1.0
111.0,255.0,42.0,-18.0,10.0,0.0,1.0
107.0,251.0,32.0,-28.0,10.0,0.0,1.0
103.0,247.0,22.0,-38.0,10.0,0.0,1.0
99.0,243.0,12.0,-48.0,10.0,0.0,1.0
95.0,239.0,2.0,-58.0,10.0,0.0,1.0
91.0,235.0,-8.0,-68.0,10.0,0.0,1.0
87.0,231.0,-18.0,-78.0,10.0,0.0,1.0
83.0,227.0,-28.0,-88.0,10.0,0.0,1.0
79.0,223.0,-19.0,-79.0,-9.0,1.0,1.0
75.0,219.0,-10.0,-70.0,-8.0,0.0,1.0
71.0,215.0,-2.0,-62.0,-7.0,0.0,1.0
67.0,211.0,5.0,-55.0,-6.0,0.0,1.0
63.0,207.0,11.0,-49.0,-5.0,0.0,1.0
59.0,203.0,16.0,-44.0,-4.0,0.0,1.0
55.0,199.0,20.0,-40.0,-3.0,0.0,1.0
51.0,195.0,23.0,-37.0,-2.0,0.0,1.0
47.0,191.0,25.0,-35.0,-1.0,0.0,1.0
43.0,187.0,26.0,-34.0,0.0,0.0,1.0
39.0,183.0,26.0,-34.0,1.0,0.0,1.0
35.0,179.0,25.0,-35.0,2.0,0.0,1.0
31.0,175.0,23.0,-37.0,3.0,0.0,1.0
27.0,171.0,20.0,-40.0,4.0,0.0,1.0
23.0,167.0,16.0,-44.0,5.0,0.0,1.0
19.0,163.0,11.0,-49.0,6.0,0.0,1.0
15.0,159.0,5.0,-55.0,7.0,0.0,1.0
11.0,155.0,-2.0,-62.0,8.0,0.0,1.0
7.0,151.0,-10.0,-70.0,9.0,0.0,1.0
3.0,147.0,-19.0,-79.0,10.0,0.0,1.0
143.0,0.0,-89.0,0.0,10.0,0.0,1.0
139.0,0.0,-80.0,0.0,-9.0,1.0,1.0
135.0,287.0,-71.0,6.0,-9.0,1.0,1.0
131.0,283.0,-62.0,15.0,-9.0,1.0,1.0
127.0,279.0,-53.0,24.0,-9.0,1.0,1.0
123.0,275.0,-44.0,33.0,-9.0,1.0,1.0
119.0,271.0,-35.0,42.0,-9.0,1.0,1.0
115.0,267.0,-26.0,51.0,-9.0,1.0,1.0
111.0,263.0,-17.0,60.0,-9.0,1.0,1.0
107.0,259.0,-8.0,69.0,-8.0,0.0,1.0
103.0,255.0,0.0,77.0,-7.0,0.0,1.0
99.0,251.0,7.0,84.0,-6.0,0.0,1.0
95.0,247.0,13.0,90.0,-5.0,0.0,1.0
91.0,243.0,18.0,95.0,-4.0,0.0,1.0
87.0,239.0,22.0,99.0,-3.0,0.0,1.0
83.0,235.0,25.0,102.0,-2.0,0.0,1.0
79.0,231.0,27.0,104.0,-1.0,0.0,1.0
75.0,227.0,28.0,105.0,0.0,0.0,1.0
71.0,223.0,28.0,105.0,1.0,0.0,1.0
67.0,219.0,27.0,104.0,2.0,0.0,1.0
63.0,215.0,25.0,102.0,3.0,0.0,1.0
59.0,211.0,22.0,99.0,4.0,0.0,1.0
55.0,207.0,18.0,95.0,5.0,0.0,1.0
51.0,203.0,13.0,90.0,6.0,0.0,1.0
47.0,199.0,7.0,84.0,7.0,0.0,1.0
43.0,195.0,0.0,77.0,8.0,0.0,1.0
39.0,191.0,-8.0,69.0,9.0,0.0,1.0
35.0,187.0,-17.0,60.0,10.0,0.0,1.0
31.0,183.0,-27.0,50.0,10.0,0.0,1.0
27.0,179.0,-18.0,59.0,-9.0,1.0,1.0
23.0,175.0,-9.0,68.0,-8.0,0.0,1.0
19.0,171.0,-1.0,76.0,-7.0,0.0,1.0
15.0,167.0,6.0,83.0,-6.0,0.0,1.0
11.0,163.0,12.0,89.0,-5.0,0.0,1.0
7.0,159.0,17.0,94.0,-4.0,0.0,1.0
3.0,155.0,21.0,98.0,-3.0,0.0,1.0
151.0,0.0,101.0,0.0,-2.0,0.0,1.0
147.0,0.0,103.0,0.0,-1.0,0.0,1.0
143.0,287.0,104.0,103.0,0.0,0.0,1.0
139.0,283.0,104.0,103.0,1.0,0.0,1.0
135.0,279.0,103.0,102.0,2.0,0.0,1.0
131.0,275.0,101.0,100.0,3.0,0.0,1.0
127.0,271.0,98.0,97.0,4.0,0.0,1.0
123.0,267.0,94.0,93.0,5.0,0.0,1.0
119.0,263.0,89.0,88.0,6.0,0.0,1.0
115.0,259.0,83.0,82.0,7.0,0.0,1.0
111.0,255.0,76.0,75.0,8.0,0.0,1.0
107.0,251.0,68.0,67.0,9.0,0.0,1.0
103.0,247.0,59.0,58.0,10.0,0.0,1.0
99.0,243.0,49.0,48.0,10.0,0.0,1.0
95.0,239.0,39.0,38.0,10.0,0.0,1.0
91.0,235.0,29.0,28.0,10.0,0.0,1.0
87.0,231.0,19.0,18.0,10.0,0.0,1.0
83.0,227.0,9.0,8.0,10.0,0.0,1.0
79.0,223.0,-1.0,-2.0,10.0,0.0,1.0
75.0,219.0,-11.0,-12.0,10.0,0.0,1.0
71.0,215.0,-21.0,-22.0,10.0,0.0,1.0
67.0,211.0,-31.0,-32.0,10.0,0.0,1.0
63.0,207.0,-22.0,-23.0,-9.0,1.0,1.0
59.0,203.0,-13.0,-14.0,-8.0,0.0,1.0
55.0,199.0,-5.0,-6.0,-7.0,0.0,1.0
51.0,195.0,2.0,1.0,-6.0,0.0,1.0
47.0,191.0,8.0,7.0,-5.0,0.0,1.0
43.0,187.0,13.0,12.0,-4.0,0.0,1.0
39.0,183.0,17.0,16.0,-3.0,0.0,1.0
35.0,179.0,20.0,19.0,-2.0,0.0,1.0
31.0,175.0,22.0,21.0,-1.0,0.0,1.0
27.0,171.0,23.0,22.0,0.0,0.0,1.0
23.0,167.0,23.0,22.0,1.0,0.0,1.0
19.0,163.0,22.0,21.0,2.0,0.0,1.0
15.0,159.0,20.0,19.0,3.0,0.0,1.0
11.0,155.0,17.0,16.0,4.0,0.0,1.0
7.0,151.0,13.0,12.0,5.0,0.0,1.0
3.0,147.0,8.0,7.0,6.0,0.0,1.0
143.0,0.0,1.0,0.0,7.0,0.0,1.0
139.0,0.0,-6.0,0.0,8.0,0.0,1.0
135.0,287.0,-14.0,-62.0,9.0,0.0,1.0
131.0,283.0,-23.0,-71.0,10.0,0.0,1.0
127.0,279.0,-33.0,-81.0,10.0,0.0,1.0
123.0,275.0,-24.0,-72.0,-9.0,1.0,1.0
119.0,271.0,-15.0,-63.0,-8.0,0.0,1.0
115.0,267.0,-7.0,-55.0,-7.0,0.0,1.0
111.0,263.0,0.0,-48.0,-6.0,0.0,1.0
107.0,259.0,6.0,-42.0,-5.0,0.0,1.0
103.0,255.0,11.0,-37.0,-4.0,0.0,1.0
99.0,251.0,15.0,-33.0,-3.0,0.0,1.0
95.0,247.0,18.0,-30.0,-2.0,0.0,1.0
91.0,243.0,20.0,-28.0,-1.0,0.0,1.0
87.0,239.0,21.0,-27.0,0.0,0.0,1.0
83.0,235.0,21.0,-27.0,1.0,0.0,1.0
79.0,231.0,20.0,-28.0,2.0,0.0,1.0
75.0,227.0,18.0,-30.0,3.0,0.0,1.0
71.0,223.0,15.0,-33.0,4.0,0.0,1.0
67.0,219.0,11.0,-37.0,5.0,0.0,1.0
63.0,215.0,6.0,-42.0,6.0,0.0,1.0
59.0,211.0,0.0,-48.0,7.0,0.0,1.0
55.0,207.0,-7.0,-55.0,8.0,0.0,1.0
51.0,203.0,-15.0,-63.0,9.0,0.0,1.0
47.0,199.0,-24.0,-72.0,10.0,0.0,1.0
43.0,195.0,-34.0,-82.0,10.0,0.0,1.0
39.0,191.0,-25.0,-73.0,-9.0,1.0,1.0
35.0,187.0,-16.0,-64.0,-8.0,0.0,1.0
31.0,183.0,-8.0,-56.0,-7.0,0.0,1.0
27.0,179.0,-1.0,-49.0,-6.0,0.0,1.0
23.0,175.0,5.0,-43.0,-5.0,0.0,1.0
19.0,171.0,10.0,-38.0,-4.0,0.0,1.0
15.0,167.0,14.0,-34.0,-3.0,0.0,1.0
11.0,163.0,17.0,-31.0,-2.0,0.0,1.0
7.0,159.0,19.0,-29.0,-1.0,0.0,1.0
3.0,155.0,20.0,-28.0,0.0,0.0,1.0
151.0,0.0,-28.0,0.0,1.0,0.0,1.0
147.0,0.0,-19.0,0.0,-9.0,1.0,1.0
143.0,287.0,-10.0,13.0,-8.0,0.0,1.0
139.0,283.0,-2.0,21.0,-7.0,0.0,1.0
135.0,279.0,5.0,28.0,-6.0,0.0,1.0
131.0,275.0,11.0,34.0,-5.0,0.0,1.0
127.0,271.0,16.0,39.0,-4.0,0.0,1.0
123.0,267.0,20.0,43.0,-3.0,0.0,1.0
119.0,263.0,23.0,46.0,-2.0,0.0,1.0
115.0,259.0,25.0,48.0,-1.0,0.0,1.0
111.0,255.0,26.0,49.0,0.0,0.0,1.0
107.0,251.0,26.0,49.0,1.0,0.0,1.0
103.0,247.0,25.0,48.0,2.0,0.0,1.0
99.0,243.0,23.0,46.0,3.0,0.0,1.0
95.0,239.0,20.0,43.0,4.0,0.0,1.0
91.0,235.0,16.0,39.0,5.0,0.0,1.0
87.0,231.0,11.0,34.0,6.0,0.0,1.0
83.0,227.0,5.0,28.0,7.0,0.0,1.0
79.0,223.0,-2.0,21.0,8.0,0.0,1.0
75.0,219.0,-10.0,13.0,9.0,0.0,1.0
71.0,215.0,-19.0,4.0,10.0,0.0,1.0
67.0,211.0,-29.0,-6.0,10.0,0.0,1.0
63.0,207.0,-20.0,3.0,-9.0,1.0,1.0
59.0,203.0,-11.0,12.0,-8.0,0.0,1.0
55.0,199.0,-3.0,20.0,-7.0,0.0,1.0
51.0,195.0,4.0,27.0,-6.0,0.0,1.0
47.0,191.0,10.0,33.0,-5.0,0.0,1.0
43.0,187.0,15.0,38.0,-4.0,0.0,1.0
39.0,183.0,19.0,42.0,-3.0,0.0,1.0
35.0,179.0,22.0,45.0,-2.0,0.0,1.0
31.0,175.0,24.0,47.0,-1.0,0.0,1.0
27.0,171.0,25.0,48.0,0.0,0.0,1.0
23.0,167.0,25.0,48.0,1.0,0.0,1.0
19.0,163.0,24.0,47.0,2.0,0.0,1.0
15.0,159.0,22.0,45.0,3.0,0.0,1.0
11.0,155.0,19.0,42.0,4.0,0.0,1.0
7.0,151.0,15.0,38.0,5.0,0.0,1.0
3.0,147.0,10.0,33.0,6.0,0.0,1.0
143.0,0.0,27.0,0.0,7.0,0.0,1.0
139.0,0.0,20.0,0.0,8.0,0.0,1.0
135.0,287.0,12.0,-91.0,9.0,0.0,1.0
131.0,283.0,3.0,-100.0,10.0,0.0,1.0
127.0,279.0,-7.0,-110.0,10.0,0.0,1.0
123.0,275.0,-17.0,-120.0,10.0,0.0,1.0
119.0,271.0,-27.0,-130.0,10.0,0.0,1.0
115.0,267.0,-18.0,-121.0,-9.0,1.0,1.0
111.0,263.0,-9.0,-112.0,-8.0,0.0,1.0
107.0,259.0,-1.0,-104.0,-7.0,0.0,1.0
103.0,255.0,6.0,-97.0,-6.0,0.0,1.0
99.0,251.0,12.0,-91.0,-5.0,0.0,1.0
95.0,247.0,17.0,-86.0,-4.0,0.0,1.0
91.0,243.0,21.0,-82.0,-3.0,0.0,1.0
87.0,239.0,24.0,-79.0,-2.0,0.0,1.0
83.0,235.0,26.0,-77.0,-1.0,0.0,1.0
79.0,231.0,27.0,-76.0,0.0,0.0,1.0
75.0,227.0,27.0,-76.0,1.0,0.0,1.0
71.0,223.0,26.0,-77.0,2.0,0.0,1.0
67.0,219.0,24.0,-79.0,3.0,0.0,1.0
63.0,215.0,21.0,-82.0,4.0,0.0,1.0
59.0,211.0,17.0,-86.0,5.0,0.0,1.0
55.0,207.0,12.0,-91.0,6.0,0.0,1.0
51.0,203.0,6.0,-97.0,7.0,0.0,1.0
47.0,199.0,-1.0,-104.0,8.0,0.0,1.0
43.0,195.0,-9.0,-112.0,9.0,0.0,1.0
39.0,191.0,-18.0,-121.0,10.0,0.0,1.0
35.0,187.0,-28.0,-131.0,10.0,0.0,1.0
31.0,183.0,-19.0,-122.0,-9.0,1.0,1.0
27.0,179.0,-10.0,-113.0,-8.0,0.0,1.0
23.0,175.0,-2.0,-105.0,-7.0,0.0,1.0
19.0,171.0,5.0,-98.0,-6.0,0.0,1.0
15.0,167.0,11.0,-92.0,-5.0,0.0,1.0
11.0,163.0,16.0,-87.0,-4.0,0.0,1.0
7.0,159.0,20.0,-83.0,-3.0,0.0,1.0
3.0,155.0,23.0,-80.0,-2.0,0.0,1.0
151.0,0.0,-78.0,0.0,-1.0,0.0,1.0
147.0,0.0,-69.0,0.0,-9.0,1.0,1.0
143.0,287.0,-60.0,61.0,-9.0,1.0,1.0
139.0,283.0,-51.0,70.0,-9.0,1.0,1.0
135.0,279.0,-42.0,79.0,-9.0,1.0,1.0
131.0,275.0,-33.0,88.0,-9.0,1.0,1.0
127.0,271.0,-24.0,97.0,-9.0,1.0,1.0
123.0,267.0,-15.0,106.0,-8.0,0.0,1.0
119.0,263.0,-7.0,114.0,-7.0,0.0,1.0
115.0,259.0,0.0,121.0,-6.0,0.0,1.0
111.0,255.0,6.0,127.0,-5.0,0.0,1.0
107.0,251.0,11.0,132.0,-4.0,0.0,1.0
103.0,247.0,15.0,136.0,-3.0,0.0,1.0
99.0,243.0,18.0,139.0,-2.0,0.0,1.0
95.0,239.0,20.0,141.0,-1.0,0.0,1.0
91.0,235.0,21.0,142.0,0.0,0.0,1.0
87.0,231.0,21.0,142.0,1.0,0.0,1.0
83.0,227.0,20.0,141.0,2.0,0.0,1.0
79.0,223.0,18.0,139.0,3.0,0.0,1.0
75.0,219.0,15.0,136.0,4.0,0.0,1.0
71.0,215.0,11.0,132.0,5.0,0.0,1.0
67.0,211.0,6.0,127.0,6.0,0.0,1.0
63.0,207.0,0.0,121.0,7.0,0.0,1.0
59.0,203.0,-7.0,114.0,8.0,0.0,1.0
55.0,199.0,-15.0,106.0,9.0,0.0,1.0
51.0,195.0,-24.0,97.0,10.0,0.0,1.0
47.0,191.0,-34.0,87.0,10.0,0.0,1.0
43.0,187.0,-25.0,96.0,-9.0,1.0,1.0
39.0,183.0,-16.0,105.0,-8.0,0.0,1.0
35.0,179.0,-8.0,113.0,-7.0,0.0,1.0
31.0,175.0,-1.0,120.0,-6.0,0.0,1.0
27.0,171.0,5.0,126.0,-5.0,0.0,1.0
23.0,167.0,10.0,131.0,-4.0,0.0,1.0
19.0,163.0,14.0,135.0,-3.0,0.0,1.0
15.0,159.0,17.0,138.0,-2.0,0.0,1.0
11.0,155.0,19.0,140.0,-1.0,0.0,1.0
7.0,151.0,20.0,141.0,0.0,0.0,1.0
3.0,147.0,20.0,141.0,1.0,0.0,1.0
143.0,0.0,140.0,0.0,2.0,0.0,1.0
139.0,0.0,138.0,0.0,3.0,0.0,1.0
135.0,287.0,135.0,18.0,4.0,0.0,1.0
131.0,283.0,131.0,14.0,5.0,0.0,1.0
127.0,279.0,126.0,9.0,6.0,0.0,1.0
123.0,275.0,120.0,3.0,7.0,0.0,1.0
119.0,271.0,113.0,-4.0,8.0,0.0,1.0
115.0,267.0,105.0,-12.0,9.0,0.0,1.0
111.0,263.0,96.0,-21.0,10.0,0.0,1.0
107.0,259.0,86.0,-31.0,10.0,0.0,1.0
103.0,255.0,76.0,-41.0,10.0,0.0,1.0
99.0,251.0,66.0,-51.0,10.0,0.0,1.0
95.0,247.0,56.0,-61.0,10.0,0.0,1.0
91.0,243.0,46.0,-71.0,10.0,0.0,1.0
87.0,239.0,36.0,-81.0,10.0,0.0,1.0
83.0,235.0,26.0,-91.0,10.0,0.0,1.0
79.0,231.0,16.0,-101.0,10.0,0.0,1.0
75.0,227.0,6.0,-111.0,10.0,0.0,1.0
71.0,223.0,-4.0,-121.0,10.0,0.0,1.0
67.0,219.0,-14.0,-131.0,10.0,0.0,1.0
63.0,215.0,-24.0,-141.0,10.0,0.0,1.0
59.0,211.0,-34.0,-151.0,10.0,0.0,1.0
55.0,207.0,-25.0,-142.0,-9.0,1.0,1.0
51.0,203.0,-16.0,-133.0,-8.0,0.0,1.0
47.0,199.0,-8.0,-125.0,-7.0,0.0,1.0
43.0,195.0,-1.0,-118.0,-6.0,0.0,1.0
39.0,191.0,5.0,-112.0,-5.0,0.0,1.0
35.0,187.0,10.0,-107.0,-4.0,0.0,1.0
31.0,183.0,14.0,-103.0,-3.0,0.0,1.0
27.0,179.0,17.0,-100.0,-2.0,0.0,1.0
23.0,175.0,19.0,-98.0,-1.0,0.0,1.0
19.0,171.0,20.0,-97.0,0.0,0.0,1.0
15.0,167.0,20.0,-97.0,1.0,0.0,1.0
11.0,163.0,19.0,-98.0,2.0,0.0,1.0
7.0,159.0,17.0,-100.0,3.0,0.0,1.0
3.0,155.0,14.0,-103.0,4.0,0.0,1.0
151.0,0.0,-107.0,0.0,5.0,0.0,1.0
147.0,0.0,-98.0,0.0,-9.0,1.0,1.0
143.0,287.0,-89.0,36.0,-9.0,1.0,1.0
139.0,283.0,-80.0,45.0,-9.0,1.0,1.0
135.0,279.0,-71.0,54.0,-9.0,1.0,1.0
131.0,275.0,-62.0,63.0,-9.0,1.0,1.0
127.0,271.0,-53.0,72.0,-9.0,1.0,1.0
123.0,267.0,-44.0,81.0,-9.0,1.0,1.0
119.0,263.0,-35.0,90.0,-9.0,1.0,1.0
115.0,259.0,-26.0,99.0,-9.0,1.0,1.0
111.0,255.0,-17.0,108.0,-9.0,1.0,1.0
107.0,251.0,-8.0,117.0,-8.0,0.0,1.0
103.0,247.0,0.0,125.0,-7.0,0.0,1.0
99.0,243.0,7.0,132.0,-6.0,0.0,1.0
95.0,239.0,13.0,138.0,-5.0,0.0,1.0
91.0,235.0,18.0,143.0,-4.0,0.0,1.0
87.0,231.0,22.0,147.0,-3.0,0.0,1.0
83.0,227.0,25.0,150.0,-2.0,0.0,1.0
79.0,223.0,27.0,152.0,-1.0,0.0,1.0
75.0,219.0,28.0,153.0,0.0,0.0,1.0
71.0,215.0,28.0,153.0,1.0,0.0,1.0
67.0,211.0,27.0,152.0,2.0,0.0,1.0
63.0,207.0,25.0,150.0,3.0,0.0,1.0
59.0,203.0,22.0,147.0,4.0,0.0,1.0
55.0,199.0,18.0,143.0,5.0,0.0,1.0
51.0,195.0,13.0,138.0,6.0,0.0,1.0
47.0,191.0,7.0,132.0,7.0,0.0,1.0
43.0,187.0,0.0,125.0,8.0,0.0,1.0
39.0,183.0,-8.0,117.0,9.0,0.0,1.0
35.0,179.0,-17.0,108.0,10.0,0.0,1.0
31.0,175.0,-27.0,98.0,10.0,0.0,1.0
27.0,171.0,-18.0,107.0,-9.0,1.0,1.0
23.0,167.0,-9.0,116.0,-8.0,0.0,1.0
19.0,163.0,-1.0,124.0,-7.0,0.0,1.0
15.0,159.0,6.0,131.0,-6.0,0.0,1.0
11.0,155.0,12.0,137.0,-5.0,0.0,1.0
7.0,151.0,17.0,142.0,-4.0,0.0,1.0
3.0,147.0,21.0,146.0,-3.0,0.0,1.0
143.0,0.0,149.0,0.0,-2.0,0.0,1.0
139.0,0.0,151.0,0.0,-1.0,0.0,1.0
135.0,287.0,152.0,140.0,0.0,0.0,1.0
131.0,283.0,152.0,140.0,1.0,0.0,1.0
127.0,279.0,151.0,139.0,2.0,0.0,1.0
123.0,275.0,149.0,137.0,3.0,0.0,1.0
119.0,271.0,146.0,134.0,4.0,0.0,1.0
115.0,267.0,142.0,130.0,5.0,0.0,1.0
111.0,263.0,137.0,125.0,6.0,0.0,1.0
107.0,259.0,131.0,119.0,7.0,0.0,1.0
103.0,255.0,124.0,112.0,8.0,0.0,1.0
99.0,251.0,116.0,104.0,9.0,0.0,1.0
95.0,247.0,107.0,95.0,10.0,0.0,1.0
91.0,243.0,97.0,85.0,10.0,0.0,1.0
87.0,239.0,87.0,75.0,10.0,0.0,1.0
83.0,235.0,77.0,65.0,10.0,0.0,1.0
79.0,231.0,67.0,55.0,10.0,0.0,1.0
79.0,231.0,67.0,55.0,10.0,0.0,0.0
